B00, 0
B01, 0
B02, 0
B03, 0
B04, 0
B05, 0
B06, 0
B07, 0
B08, 0
B09, 0
B10, 0
B11, 0
B12, 0
B13, 2
B13, Blotteritem, {'type': 'Trade', 'time': 76.77500000000889, 'price': 83.0, 'party1': 'B13', 'party2': 'S13', 'qty': 1}
B13, Blotteritem, {'type': 'Trade', 'time': 599.2374999999886, 'price': 83.0, 'party1': 'B13', 'party2': 'S06', 'qty': 1}
B14, 5
B14, Blotteritem, {'type': 'Trade', 'time': 60.60000000000522, 'price': 85.0, 'party1': 'B14', 'party2': 'S05', 'qty': 1}
B14, Blotteritem, {'type': 'Trade', 'time': 346.4999999998218, 'price': 85.0, 'party1': 'B14', 'party2': 'S13', 'qty': 1}
B14, Blotteritem, {'type': 'Trade', 'time': 441.6874999997352, 'price': 85.0, 'party1': 'B14', 'party2': 'S10', 'qty': 1}
B14, Blotteritem, {'type': 'Trade', 'time': 458.91249999971956, 'price': 85.0, 'party1': 'B14', 'party2': 'S08', 'qty': 1}
B14, Blotteritem, {'type': 'Trade', 'time': 560.0124999998459, 'price': 85.0, 'party1': 'B14', 'party2': 'S05', 'qty': 1}
B15, 3
B15, Blotteritem, {'type': 'Trade', 'time': 291.6374999998717, 'price': 86, 'party1': 'B15', 'party2': 'S10', 'qty': 1}
B15, Blotteritem, {'type': 'Trade', 'time': 492.499999999689, 'price': 86, 'party1': 'B15', 'party2': 'S06', 'qty': 1}
B15, Blotteritem, {'type': 'Trade', 'time': 599.0374999999879, 'price': 84, 'party1': 'B15', 'party2': 'S13', 'qty': 1}
B16, 13
B16, Blotteritem, {'type': 'Trade', 'time': 18.099999999999508, 'price': 91.0, 'party1': 'B16', 'party2': 'S13', 'qty': 1}
B16, Blotteritem, {'type': 'Trade', 'time': 51.67500000000319, 'price': 91.0, 'party1': 'B16', 'party2': 'S06', 'qty': 1}
B16, Blotteritem, {'type': 'Trade', 'time': 105.52500000001542, 'price': 91.0, 'party1': 'B16', 'party2': 'S06', 'qty': 1}
B16, Blotteritem, {'type': 'Trade', 'time': 162.59999999998905, 'price': 91.0, 'party1': 'B16', 'party2': 'S08', 'qty': 1}
B16, Blotteritem, {'type': 'Trade', 'time': 246.1124999999131, 'price': 91.0, 'party1': 'B16', 'party2': 'S15', 'qty': 1}
B16, Blotteritem, {'type': 'Trade', 'time': 328.83749999983786, 'price': 91.0, 'party1': 'B16', 'party2': 'S10', 'qty': 1}
B16, Blotteritem, {'type': 'Trade', 'time': 354.03749999981494, 'price': 91.0, 'party1': 'B16', 'party2': 'S08', 'qty': 1}
B16, Blotteritem, {'type': 'Trade', 'time': 400.22499999977293, 'price': 91.0, 'party1': 'B16', 'party2': 'S05', 'qty': 1}
B16, Blotteritem, {'type': 'Trade', 'time': 441.1624999997357, 'price': 91.0, 'party1': 'B16', 'party2': 'S01', 'qty': 1}
B16, Blotteritem, {'type': 'Trade', 'time': 482.3124999996983, 'price': 91.0, 'party1': 'B16', 'party2': 'S06', 'qty': 1}
B16, Blotteritem, {'type': 'Trade', 'time': 516.3124999996869, 'price': 91.0, 'party1': 'B16', 'party2': 'S05', 'qty': 1}
B16, Blotteritem, {'type': 'Trade', 'time': 566.9499999998711, 'price': 91.0, 'party1': 'B16', 'party2': 'S06', 'qty': 1}
B16, Blotteritem, {'type': 'Trade', 'time': 594.5999999999717, 'price': 91.0, 'party1': 'B16', 'party2': 'S01', 'qty': 1}
B17, 3
B17, Blotteritem, {'type': 'Trade', 'time': 58.86250000000482, 'price': 91, 'party1': 'S12', 'party2': 'B17', 'qty': 1}
B17, Blotteritem, {'type': 'Trade', 'time': 249.58749999990994, 'price': 91, 'party1': 'S02', 'party2': 'B17', 'qty': 1}
B17, Blotteritem, {'type': 'Trade', 'time': 493.9499999996877, 'price': 90, 'party1': 'S02', 'party2': 'B17', 'qty': 1}
B18, 5
B18, Blotteritem, {'type': 'Trade', 'time': 26.587499999999025, 'price': 90, 'party1': 'B18', 'party2': 'S09', 'qty': 1}
B18, Blotteritem, {'type': 'Trade', 'time': 107.68750000001592, 'price': 91, 'party1': 'B18', 'party2': 'S08', 'qty': 1}
B18, Blotteritem, {'type': 'Trade', 'time': 174.5249999999782, 'price': 95, 'party1': 'B18', 'party2': 'S04', 'qty': 1}
B18, Blotteritem, {'type': 'Trade', 'time': 271.66249999988986, 'price': 88, 'party1': 'B18', 'party2': 'S10', 'qty': 1}
B18, Blotteritem, {'type': 'Trade', 'time': 338.53749999982904, 'price': 92, 'party1': 'S02', 'party2': 'B18', 'qty': 1}
B19, 8
B19, Blotteritem, {'type': 'Trade', 'time': 53.0625000000035, 'price': 92, 'party1': 'B19', 'party2': 'S13', 'qty': 1}
B19, Blotteritem, {'type': 'Trade', 'time': 95.40000000001312, 'price': 98, 'party1': 'B19', 'party2': 'S12', 'qty': 1}
B19, Blotteritem, {'type': 'Trade', 'time': 105.62500000001545, 'price': 93, 'party1': 'S07', 'party2': 'B19', 'qty': 1}
B19, Blotteritem, {'type': 'Trade', 'time': 151.62499999999903, 'price': 94, 'party1': 'B19', 'party2': 'S13', 'qty': 1}
B19, Blotteritem, {'type': 'Trade', 'time': 286.6999999998762, 'price': 86, 'party1': 'B19', 'party2': 'S01', 'qty': 1}
B19, Blotteritem, {'type': 'Trade', 'time': 338.3874999998292, 'price': 91, 'party1': 'S16', 'party2': 'B19', 'qty': 1}
B19, Blotteritem, {'type': 'Trade', 'time': 442.0624999997349, 'price': 84, 'party1': 'B19', 'party2': 'S05', 'qty': 1}
B19, Blotteritem, {'type': 'Trade', 'time': 565.7999999998669, 'price': 95, 'party1': 'B19', 'party2': 'S15', 'qty': 1}
B20, 13
B20, Blotteritem, {'type': 'Trade', 'time': 2.5625000000000027, 'price': 72, 'party1': 'B20', 'party2': 'S06', 'qty': 1}
B20, Blotteritem, {'type': 'Trade', 'time': 111.1250000000167, 'price': 93, 'party1': 'S16', 'party2': 'B20', 'qty': 1}
B20, Blotteritem, {'type': 'Trade', 'time': 128.1375000000204, 'price': 97, 'party1': 'B20', 'party2': 'S01', 'qty': 1}
B20, Blotteritem, {'type': 'Trade', 'time': 162.92499999998876, 'price': 98, 'party1': 'S03', 'party2': 'B20', 'qty': 1}
B20, Blotteritem, {'type': 'Trade', 'time': 207.8624999999479, 'price': 98, 'party1': 'S02', 'party2': 'B20', 'qty': 1}
B20, Blotteritem, {'type': 'Trade', 'time': 238.46249999992006, 'price': 100, 'party1': 'S02', 'party2': 'B20', 'qty': 1}
B20, Blotteritem, {'type': 'Trade', 'time': 289.4374999998737, 'price': 92, 'party1': 'S09', 'party2': 'B20', 'qty': 1}
B20, Blotteritem, {'type': 'Trade', 'time': 340.39999999982734, 'price': 89.0, 'party1': 'S15', 'party2': 'B20', 'qty': 1}
B20, Blotteritem, {'type': 'Trade', 'time': 392.8999999997796, 'price': 100, 'party1': 'B20', 'party2': 'S01', 'qty': 1}
B20, Blotteritem, {'type': 'Trade', 'time': 413.2374999997611, 'price': 94, 'party1': 'S12', 'party2': 'B20', 'qty': 1}
B20, Blotteritem, {'type': 'Trade', 'time': 446.9624999997304, 'price': 96.0, 'party1': 'S18', 'party2': 'B20', 'qty': 1}
B20, Blotteritem, {'type': 'Trade', 'time': 457.5749999997208, 'price': 96, 'party1': 'S04', 'party2': 'B20', 'qty': 1}
B20, Blotteritem, {'type': 'Trade', 'time': 593.3374999999671, 'price': 100, 'party1': 'B20', 'party2': 'S08', 'qty': 1}
B21, 13
B21, Blotteritem, {'type': 'Trade', 'time': 62.612500000005674, 'price': 99, 'party1': 'B21', 'party2': 'S01', 'qty': 1}
B21, Blotteritem, {'type': 'Trade', 'time': 86.28750000001105, 'price': 102, 'party1': 'B21', 'party2': 'S02', 'qty': 1}
B21, Blotteritem, {'type': 'Trade', 'time': 95.7625000000132, 'price': 98, 'party1': 'B21', 'party2': 'S05', 'qty': 1}
B21, Blotteritem, {'type': 'Trade', 'time': 144.6375000000054, 'price': 92, 'party1': 'B21', 'party2': 'S08', 'qty': 1}
B21, Blotteritem, {'type': 'Trade', 'time': 172.93749999997965, 'price': 96, 'party1': 'S14', 'party2': 'B21', 'qty': 1}
B21, Blotteritem, {'type': 'Trade', 'time': 250.31249999990928, 'price': 91, 'party1': 'S04', 'party2': 'B21', 'qty': 1}
B21, Blotteritem, {'type': 'Trade', 'time': 351.3624999998174, 'price': 92, 'party1': 'S03', 'party2': 'B21', 'qty': 1}
B21, Blotteritem, {'type': 'Trade', 'time': 378.76249999979245, 'price': 103, 'party1': 'B21', 'party2': 'S06', 'qty': 1}
B21, Blotteritem, {'type': 'Trade', 'time': 417.3999999997573, 'price': 93, 'party1': 'S07', 'party2': 'B21', 'qty': 1}
B21, Blotteritem, {'type': 'Trade', 'time': 427.624999999748, 'price': 98, 'party1': 'S03', 'party2': 'B21', 'qty': 1}
B21, Blotteritem, {'type': 'Trade', 'time': 464.72499999971427, 'price': 96, 'party1': 'S14', 'party2': 'B21', 'qty': 1}
B21, Blotteritem, {'type': 'Trade', 'time': 498.8624999996832, 'price': 93, 'party1': 'S00', 'party2': 'B21', 'qty': 1}
B21, Blotteritem, {'type': 'Trade', 'time': 548.237499999803, 'price': 89, 'party1': 'B21', 'party2': 'S10', 'qty': 1}
B22, 14
B22, Blotteritem, {'type': 'Trade', 'time': 22.499999999999257, 'price': 85, 'party1': 'B22', 'party2': 'S01', 'qty': 1}
B22, Blotteritem, {'type': 'Trade', 'time': 83.13750000001033, 'price': 96, 'party1': 'B22', 'party2': 'S08', 'qty': 1}
B22, Blotteritem, {'type': 'Trade', 'time': 112.22500000001695, 'price': 96.0, 'party1': 'S18', 'party2': 'B22', 'qty': 1}
B22, Blotteritem, {'type': 'Trade', 'time': 189.02499999996502, 'price': 99, 'party1': 'S03', 'party2': 'B22', 'qty': 1}
B22, Blotteritem, {'type': 'Trade', 'time': 215.12499999994128, 'price': 103.0, 'party1': 'S21', 'party2': 'B22', 'qty': 1}
B22, Blotteritem, {'type': 'Trade', 'time': 251.58749999990812, 'price': 91, 'party1': 'S16', 'party2': 'B22', 'qty': 1}
B22, Blotteritem, {'type': 'Trade', 'time': 327.53749999983904, 'price': 92, 'party1': 'S15', 'party2': 'B22', 'qty': 1}
B22, Blotteritem, {'type': 'Trade', 'time': 344.087499999824, 'price': 91, 'party1': 'S04', 'party2': 'B22', 'qty': 1}
B22, Blotteritem, {'type': 'Trade', 'time': 418.6499999997562, 'price': 100, 'party1': 'B22', 'party2': 'S02', 'qty': 1}
B22, Blotteritem, {'type': 'Trade', 'time': 429.78749999974605, 'price': 103.0, 'party1': 'S21', 'party2': 'B22', 'qty': 1}
B22, Blotteritem, {'type': 'Trade', 'time': 444.8999999997323, 'price': 91, 'party1': 'S02', 'party2': 'B22', 'qty': 1}
B22, Blotteritem, {'type': 'Trade', 'time': 482.3749999996982, 'price': 103.0, 'party1': 'S21', 'party2': 'B22', 'qty': 1}
B22, Blotteritem, {'type': 'Trade', 'time': 519.2374999996975, 'price': 92, 'party1': 'S16', 'party2': 'B22', 'qty': 1}
B22, Blotteritem, {'type': 'Trade', 'time': 551.0624999998133, 'price': 101, 'party1': 'S02', 'party2': 'B22', 'qty': 1}
B23, 18
B23, Blotteritem, {'type': 'Trade', 'time': 21.299999999999326, 'price': 95, 'party1': 'B23', 'party2': 'S05', 'qty': 1}
B23, Blotteritem, {'type': 'Trade', 'time': 60.5250000000052, 'price': 97, 'party1': 'B23', 'party2': 'S16', 'qty': 1}
B23, Blotteritem, {'type': 'Trade', 'time': 78.98750000000939, 'price': 93.0, 'party1': 'S17', 'party2': 'B23', 'qty': 1}
B23, Blotteritem, {'type': 'Trade', 'time': 144.82500000000522, 'price': 104, 'party1': 'S19', 'party2': 'B23', 'qty': 1}
B23, Blotteritem, {'type': 'Trade', 'time': 170.77499999998162, 'price': 98, 'party1': 'S15', 'party2': 'B23', 'qty': 1}
B23, Blotteritem, {'type': 'Trade', 'time': 193.79999999996068, 'price': 101, 'party1': 'S20', 'party2': 'B23', 'qty': 1}
B23, Blotteritem, {'type': 'Trade', 'time': 233.2499999999248, 'price': 100, 'party1': 'B23', 'party2': 'S01', 'qty': 1}
B23, Blotteritem, {'type': 'Trade', 'time': 252.5999999999072, 'price': 98, 'party1': 'S19', 'party2': 'B23', 'qty': 1}
B23, Blotteritem, {'type': 'Trade', 'time': 313.11249999985216, 'price': 98.0, 'party1': 'S00', 'party2': 'B23', 'qty': 1}
B23, Blotteritem, {'type': 'Trade', 'time': 320.4124999998455, 'price': 94, 'party1': 'S14', 'party2': 'B23', 'qty': 1}
B23, Blotteritem, {'type': 'Trade', 'time': 349.63749999981894, 'price': 91, 'party1': 'S07', 'party2': 'B23', 'qty': 1}
B23, Blotteritem, {'type': 'Trade', 'time': 391.63749999978074, 'price': 108.0, 'party1': 'S23', 'party2': 'B23', 'qty': 1}
B23, Blotteritem, {'type': 'Trade', 'time': 401.0124999997722, 'price': 98, 'party1': 'B23', 'party2': 'S06', 'qty': 1}
B23, Blotteritem, {'type': 'Trade', 'time': 443.8124999997333, 'price': 89, 'party1': 'S12', 'party2': 'B23', 'qty': 1}
B23, Blotteritem, {'type': 'Trade', 'time': 458.38749999972003, 'price': 95, 'party1': 'S12', 'party2': 'B23', 'qty': 1}
B23, Blotteritem, {'type': 'Trade', 'time': 508.3124999996746, 'price': 101, 'party1': 'S20', 'party2': 'B23', 'qty': 1}
B23, Blotteritem, {'type': 'Trade', 'time': 522.6374999997099, 'price': 98, 'party1': 'B23', 'party2': 'S08', 'qty': 1}
B23, Blotteritem, {'type': 'Trade', 'time': 565.9499999998675, 'price': 98, 'party1': 'S19', 'party2': 'B23', 'qty': 1}
B24, 20
B24, Blotteritem, {'type': 'Trade', 'time': 31.549999999998743, 'price': 90.0, 'party1': 'B24', 'party2': 'S11', 'qty': 1}
B24, Blotteritem, {'type': 'Trade', 'time': 42.76250000000116, 'price': 108, 'party1': 'B24', 'party2': 'S08', 'qty': 1}
B24, Blotteritem, {'type': 'Trade', 'time': 92.08750000001237, 'price': 103, 'party1': 'S20', 'party2': 'B24', 'qty': 1}
B24, Blotteritem, {'type': 'Trade', 'time': 121.78750000001912, 'price': 107.0, 'party1': 'S15', 'party2': 'B24', 'qty': 1}
B24, Blotteritem, {'type': 'Trade', 'time': 134.25000000001484, 'price': 110, 'party1': 'S20', 'party2': 'B24', 'qty': 1}
B24, Blotteritem, {'type': 'Trade', 'time': 159.72499999999167, 'price': 104, 'party1': 'B24', 'party2': 'S12', 'qty': 1}
B24, Blotteritem, {'type': 'Trade', 'time': 187.54999999996636, 'price': 98, 'party1': 'S16', 'party2': 'B24', 'qty': 1}
B24, Blotteritem, {'type': 'Trade', 'time': 214.6624999999417, 'price': 100.0, 'party1': 'S17', 'party2': 'B24', 'qty': 1}
B24, Blotteritem, {'type': 'Trade', 'time': 258.68749999990166, 'price': 96, 'party1': 'B24', 'party2': 'S18', 'qty': 1}
B24, Blotteritem, {'type': 'Trade', 'time': 280.23749999988206, 'price': 102.0, 'party1': 'S12', 'party2': 'B24', 'qty': 1}
B24, Blotteritem, {'type': 'Trade', 'time': 327.32499999983924, 'price': 93, 'party1': 'S12', 'party2': 'B24', 'qty': 1}
B24, Blotteritem, {'type': 'Trade', 'time': 361.27499999980836, 'price': 103, 'party1': 'B24', 'party2': 'S19', 'qty': 1}
B24, Blotteritem, {'type': 'Trade', 'time': 384.8624999997869, 'price': 107, 'party1': 'B24', 'party2': 'S11', 'qty': 1}
B24, Blotteritem, {'type': 'Trade', 'time': 394.0749999997785, 'price': 100, 'party1': 'B24', 'party2': 'S17', 'qty': 1}
B24, Blotteritem, {'type': 'Trade', 'time': 451.3749999997264, 'price': 96, 'party1': 'B24', 'party2': 'S15', 'qty': 1}
B24, Blotteritem, {'type': 'Trade', 'time': 473.6124999997062, 'price': 99, 'party1': 'B24', 'party2': 'S16', 'qty': 1}
B24, Blotteritem, {'type': 'Trade', 'time': 491.37499999969003, 'price': 86.0, 'party1': 'B24', 'party2': 'S09', 'qty': 1}
B24, Blotteritem, {'type': 'Trade', 'time': 529.4749999997348, 'price': 111.0, 'party1': 'B24', 'party2': 'S18', 'qty': 1}
B24, Blotteritem, {'type': 'Trade', 'time': 570.3124999998834, 'price': 95, 'party1': 'B24', 'party2': 'S14', 'qty': 1}
B24, Blotteritem, {'type': 'Trade', 'time': 584.787499999936, 'price': 105, 'party1': 'B24', 'party2': 'S02', 'qty': 1}
B25, 19
B25, Blotteritem, {'type': 'Trade', 'time': 9.862499999999974, 'price': 108, 'party1': 'B25', 'party2': 'S23', 'qty': 1}
B25, Blotteritem, {'type': 'Trade', 'time': 49.21250000000263, 'price': 108, 'party1': 'B25', 'party2': 'S14', 'qty': 1}
B25, Blotteritem, {'type': 'Trade', 'time': 68.21250000000694, 'price': 98, 'party1': 'B25', 'party2': 'S06', 'qty': 1}
B25, Blotteritem, {'type': 'Trade', 'time': 102.05000000001463, 'price': 93, 'party1': 'S17', 'party2': 'B25', 'qty': 1}
B25, Blotteritem, {'type': 'Trade', 'time': 139.42500000001013, 'price': 106, 'party1': 'B25', 'party2': 'S06', 'qty': 1}
B25, Blotteritem, {'type': 'Trade', 'time': 182.83749999997065, 'price': 96, 'party1': 'B25', 'party2': 'S13', 'qty': 1}
B25, Blotteritem, {'type': 'Trade', 'time': 202.41249999995284, 'price': 97, 'party1': 'B25', 'party2': 'S12', 'qty': 1}
B25, Blotteritem, {'type': 'Trade', 'time': 218.78749999993795, 'price': 96, 'party1': 'B25', 'party2': 'S08', 'qty': 1}
B25, Blotteritem, {'type': 'Trade', 'time': 245.82499999991336, 'price': 93, 'party1': 'S14', 'party2': 'B25', 'qty': 1}
B25, Blotteritem, {'type': 'Trade', 'time': 297.4624999998664, 'price': 91, 'party1': 'B25', 'party2': 'S16', 'qty': 1}
B25, Blotteritem, {'type': 'Trade', 'time': 323.58749999984263, 'price': 93, 'party1': 'B25', 'party2': 'S13', 'qty': 1}
B25, Blotteritem, {'type': 'Trade', 'time': 348.5624999998199, 'price': 90, 'party1': 'B25', 'party2': 'S14', 'qty': 1}
B25, Blotteritem, {'type': 'Trade', 'time': 381.7874999997897, 'price': 103, 'party1': 'B25', 'party2': 'S21', 'qty': 1}
B25, Blotteritem, {'type': 'Trade', 'time': 412.49999999976177, 'price': 94, 'party1': 'S14', 'party2': 'B25', 'qty': 1}
B25, Blotteritem, {'type': 'Trade', 'time': 433.06249999974307, 'price': 95, 'party1': 'B25', 'party2': 'S06', 'qty': 1}
B25, Blotteritem, {'type': 'Trade', 'time': 481.9499999996986, 'price': 95, 'party1': 'B25', 'party2': 'S01', 'qty': 1}
B25, Blotteritem, {'type': 'Trade', 'time': 516.1374999996863, 'price': 92, 'party1': 'B25', 'party2': 'S12', 'qty': 1}
B25, Blotteritem, {'type': 'Trade', 'time': 531.9874999997439, 'price': 109, 'party1': 'B25', 'party2': 'S13', 'qty': 1}
B25, Blotteritem, {'type': 'Trade', 'time': 557.7999999998378, 'price': 98, 'party1': 'S02', 'party2': 'B25', 'qty': 1}
B26, 20
B26, Blotteritem, {'type': 'Trade', 'time': 17.824999999999523, 'price': 99, 'party1': 'S19', 'party2': 'B26', 'qty': 1}
B26, Blotteritem, {'type': 'Trade', 'time': 59.28750000000492, 'price': 91, 'party1': 'S03', 'party2': 'B26', 'qty': 1}
B26, Blotteritem, {'type': 'Trade', 'time': 85.1750000000108, 'price': 96, 'party1': 'S03', 'party2': 'B26', 'qty': 1}
B26, Blotteritem, {'type': 'Trade', 'time': 100.42500000001426, 'price': 97, 'party1': 'S00', 'party2': 'B26', 'qty': 1}
B26, Blotteritem, {'type': 'Trade', 'time': 124.3250000000197, 'price': 108.0, 'party1': 'S23', 'party2': 'B26', 'qty': 1}
B26, Blotteritem, {'type': 'Trade', 'time': 166.44999999998555, 'price': 96.0, 'party1': 'S18', 'party2': 'B26', 'qty': 1}
B26, Blotteritem, {'type': 'Trade', 'time': 183.4499999999701, 'price': 103.0, 'party1': 'S21', 'party2': 'B26', 'qty': 1}
B26, Blotteritem, {'type': 'Trade', 'time': 231.89999999992602, 'price': 99, 'party1': 'S15', 'party2': 'B26', 'qty': 1}
B26, Blotteritem, {'type': 'Trade', 'time': 258.57499999990176, 'price': 101, 'party1': 'S20', 'party2': 'B26', 'qty': 1}
B26, Blotteritem, {'type': 'Trade', 'time': 292.5999999998708, 'price': 92, 'party1': 'S02', 'party2': 'B26', 'qty': 1}
B26, Blotteritem, {'type': 'Trade', 'time': 315.11249999985034, 'price': 98, 'party1': 'S19', 'party2': 'B26', 'qty': 1}
B26, Blotteritem, {'type': 'Trade', 'time': 362.1999999998075, 'price': 108.0, 'party1': 'S23', 'party2': 'B26', 'qty': 1}
B26, Blotteritem, {'type': 'Trade', 'time': 381.74999999978974, 'price': 108, 'party1': 'S03', 'party2': 'B26', 'qty': 1}
B26, Blotteritem, {'type': 'Trade', 'time': 399.66249999977344, 'price': 116.0, 'party1': 'B26', 'party2': 'S01', 'qty': 1}
B26, Blotteritem, {'type': 'Trade', 'time': 440.7249999997361, 'price': 106, 'party1': 'S14', 'party2': 'B26', 'qty': 1}
B26, Blotteritem, {'type': 'Trade', 'time': 481.3249999996992, 'price': 101, 'party1': 'S20', 'party2': 'B26', 'qty': 1}
B26, Blotteritem, {'type': 'Trade', 'time': 500.8374999996814, 'price': 100, 'party1': 'S15', 'party2': 'B26', 'qty': 1}
B26, Blotteritem, {'type': 'Trade', 'time': 512.7374999996739, 'price': 94, 'party1': 'S17', 'party2': 'B26', 'qty': 1}
B26, Blotteritem, {'type': 'Trade', 'time': 552.4999999998186, 'price': 100, 'party1': 'S04', 'party2': 'B26', 'qty': 1}
B26, Blotteritem, {'type': 'Trade', 'time': 587.4124999999456, 'price': 106.0, 'party1': 'S14', 'party2': 'B26', 'qty': 1}
B27, 19
B27, Blotteritem, {'type': 'Trade', 'time': 11.112499999999903, 'price': 99, 'party1': 'B27', 'party2': 'S07', 'qty': 1}
B27, Blotteritem, {'type': 'Trade', 'time': 46.22500000000195, 'price': 109, 'party1': 'B27', 'party2': 'S07', 'qty': 1}
B27, Blotteritem, {'type': 'Trade', 'time': 95.05000000001304, 'price': 99, 'party1': 'B27', 'party2': 'S14', 'qty': 1}
B27, Blotteritem, {'type': 'Trade', 'time': 123.4250000000195, 'price': 105, 'party1': 'B27', 'party2': 'S00', 'qty': 1}
B27, Blotteritem, {'type': 'Trade', 'time': 150.7874999999998, 'price': 102, 'party1': 'B27', 'party2': 'S17', 'qty': 1}
B27, Blotteritem, {'type': 'Trade', 'time': 184.56249999996908, 'price': 96, 'party1': 'B27', 'party2': 'S09', 'qty': 1}
B27, Blotteritem, {'type': 'Trade', 'time': 189.66249999996444, 'price': 96, 'party1': 'B27', 'party2': 'S01', 'qty': 1}
B27, Blotteritem, {'type': 'Trade', 'time': 240.88749999991785, 'price': 99, 'party1': 'B27', 'party2': 'S14', 'qty': 1}
B27, Blotteritem, {'type': 'Trade', 'time': 264.18749999989666, 'price': 95, 'party1': 'B27', 'party2': 'S01', 'qty': 1}
B27, Blotteritem, {'type': 'Trade', 'time': 295.0124999998686, 'price': 92, 'party1': 'B27', 'party2': 'S08', 'qty': 1}
B27, Blotteritem, {'type': 'Trade', 'time': 324.7124999998416, 'price': 92, 'party1': 'B27', 'party2': 'S11', 'qty': 1}
B27, Blotteritem, {'type': 'Trade', 'time': 369.9124999998005, 'price': 102, 'party1': 'B27', 'party2': 'S10', 'qty': 1}
B27, Blotteritem, {'type': 'Trade', 'time': 390.6124999997817, 'price': 107, 'party1': 'B27', 'party2': 'S07', 'qty': 1}
B27, Blotteritem, {'type': 'Trade', 'time': 395.57499999977716, 'price': 100, 'party1': 'S04', 'party2': 'B27', 'qty': 1}
B27, Blotteritem, {'type': 'Trade', 'time': 439.81249999973693, 'price': 100, 'party1': 'B27', 'party2': 'S08', 'qty': 1}
B27, Blotteritem, {'type': 'Trade', 'time': 476.012499999704, 'price': 96, 'party1': 'B27', 'party2': 'S17', 'qty': 1}
B27, Blotteritem, {'type': 'Trade', 'time': 489.9624999996913, 'price': 93, 'party1': 'B27', 'party2': 'S11', 'qty': 1}
B27, Blotteritem, {'type': 'Trade', 'time': 530.4249999997382, 'price': 110, 'party1': 'B27', 'party2': 'S07', 'qty': 1}
B27, Blotteritem, {'type': 'Trade', 'time': 573.8374999998962, 'price': 93, 'party1': 'B27', 'party2': 'S00', 'qty': 1}
B28, 20
B28, Blotteritem, {'type': 'Trade', 'time': 12.537499999999822, 'price': 116, 'party1': 'S17', 'party2': 'B28', 'qty': 1}
B28, Blotteritem, {'type': 'Trade', 'time': 42.387500000001076, 'price': 119.0, 'party1': 'S27', 'party2': 'B28', 'qty': 1}
B28, Blotteritem, {'type': 'Trade', 'time': 77.23750000000899, 'price': 91, 'party1': 'S16', 'party2': 'B28', 'qty': 1}
B28, Blotteritem, {'type': 'Trade', 'time': 116.837500000018, 'price': 103.0, 'party1': 'S21', 'party2': 'B28', 'qty': 1}
B28, Blotteritem, {'type': 'Trade', 'time': 129.30000000001934, 'price': 110, 'party1': 'S12', 'party2': 'B28', 'qty': 1}
B28, Blotteritem, {'type': 'Trade', 'time': 164.27499999998753, 'price': 99, 'party1': 'S00', 'party2': 'B28', 'qty': 1}
B28, Blotteritem, {'type': 'Trade', 'time': 204.71249999995075, 'price': 98.0, 'party1': 'S00', 'party2': 'B28', 'qty': 1}
B28, Blotteritem, {'type': 'Trade', 'time': 223.6749999999335, 'price': 103.0, 'party1': 'S21', 'party2': 'B28', 'qty': 1}
B28, Blotteritem, {'type': 'Trade', 'time': 248.49999999991093, 'price': 91, 'party1': 'S03', 'party2': 'B28', 'qty': 1}
B28, Blotteritem, {'type': 'Trade', 'time': 297.2249999998666, 'price': 92, 'party1': 'S14', 'party2': 'B28', 'qty': 1}
B28, Blotteritem, {'type': 'Trade', 'time': 305.99999999985863, 'price': 102, 'party1': 'S20', 'party2': 'B28', 'qty': 1}
B28, Blotteritem, {'type': 'Trade', 'time': 359.0124999998104, 'price': 103.0, 'party1': 'S21', 'party2': 'B28', 'qty': 1}
B28, Blotteritem, {'type': 'Trade', 'time': 361.3249999998083, 'price': 104.0, 'party1': 'S00', 'party2': 'B28', 'qty': 1}
B28, Blotteritem, {'type': 'Trade', 'time': 396.0874999997767, 'price': 102, 'party1': 'S20', 'party2': 'B28', 'qty': 1}
B28, Blotteritem, {'type': 'Trade', 'time': 436.0249999997404, 'price': 108.0, 'party1': 'S23', 'party2': 'B28', 'qty': 1}
B28, Blotteritem, {'type': 'Trade', 'time': 462.99999999971584, 'price': 95, 'party1': 'S07', 'party2': 'B28', 'qty': 1}
B28, Blotteritem, {'type': 'Trade', 'time': 499.3499999996828, 'price': 98, 'party1': 'S19', 'party2': 'B28', 'qty': 1}
B28, Blotteritem, {'type': 'Trade', 'time': 525.3874999997199, 'price': 108.0, 'party1': 'S23', 'party2': 'B28', 'qty': 1}
B28, Blotteritem, {'type': 'Trade', 'time': 559.0124999998422, 'price': 98, 'party1': 'S12', 'party2': 'B28', 'qty': 1}
B28, Blotteritem, {'type': 'Trade', 'time': 584.1249999999336, 'price': 103.0, 'party1': 'S21', 'party2': 'B28', 'qty': 1}
B29, 20
B29, Blotteritem, {'type': 'Trade', 'time': 8.800000000000034, 'price': 122, 'party1': 'B29', 'party2': 'S03', 'qty': 1}
B29, Blotteritem, {'type': 'Trade', 'time': 70.2250000000074, 'price': 98, 'party1': 'B29', 'party2': 'S00', 'qty': 1}
B29, Blotteritem, {'type': 'Trade', 'time': 89.86250000001186, 'price': 100, 'party1': 'B29', 'party2': 'S07', 'qty': 1}
B29, Blotteritem, {'type': 'Trade', 'time': 103.83750000001504, 'price': 93, 'party1': 'B29', 'party2': 'S12', 'qty': 1}
B29, Blotteritem, {'type': 'Trade', 'time': 123.58750000001953, 'price': 104, 'party1': 'B29', 'party2': 'S14', 'qty': 1}
B29, Blotteritem, {'type': 'Trade', 'time': 170.5624999999818, 'price': 96, 'party1': 'B29', 'party2': 'S10', 'qty': 1}
B29, Blotteritem, {'type': 'Trade', 'time': 201.54999999995363, 'price': 99, 'party1': 'B29', 'party2': 'S15', 'qty': 1}
B29, Blotteritem, {'type': 'Trade', 'time': 227.49999999993003, 'price': 99, 'party1': 'B29', 'party2': 'S09', 'qty': 1}
B29, Blotteritem, {'type': 'Trade', 'time': 253.53749999990634, 'price': 93, 'party1': 'B29', 'party2': 'S08', 'qty': 1}
B29, Blotteritem, {'type': 'Trade', 'time': 299.03749999986496, 'price': 94, 'party1': 'B29', 'party2': 'S07', 'qty': 1}
B29, Blotteritem, {'type': 'Trade', 'time': 318.2249999998475, 'price': 94, 'party1': 'B29', 'party2': 'S17', 'qty': 1}
B29, Blotteritem, {'type': 'Trade', 'time': 348.84999999981966, 'price': 88, 'party1': 'B29', 'party2': 'S05', 'qty': 1}
B29, Blotteritem, {'type': 'Trade', 'time': 390.1499999997821, 'price': 108, 'party1': 'B29', 'party2': 'S12', 'qty': 1}
B29, Blotteritem, {'type': 'Trade', 'time': 408.1749999997657, 'price': 102, 'party1': 'B29', 'party2': 'S13', 'qty': 1}
B29, Blotteritem, {'type': 'Trade', 'time': 438.46249999973816, 'price': 105, 'party1': 'B29', 'party2': 'S09', 'qty': 1}
B29, Blotteritem, {'type': 'Trade', 'time': 469.5374999997099, 'price': 92, 'party1': 'B29', 'party2': 'S11', 'qty': 1}
B29, Blotteritem, {'type': 'Trade', 'time': 502.0874999996803, 'price': 93, 'party1': 'B29', 'party2': 'S05', 'qty': 1}
B29, Blotteritem, {'type': 'Trade', 'time': 530.1499999997372, 'price': 110, 'party1': 'B29', 'party2': 'S17', 'qty': 1}
B29, Blotteritem, {'type': 'Trade', 'time': 546.037499999795, 'price': 105, 'party1': 'B29', 'party2': 'S08', 'qty': 1}
B29, Blotteritem, {'type': 'Trade', 'time': 576.5999999999062, 'price': 98, 'party1': 'B29', 'party2': 'S04', 'qty': 1}
B30, 19
B30, Blotteritem, {'type': 'Trade', 'time': 9.025000000000022, 'price': 119, 'party1': 'B30', 'party2': 'S04', 'qty': 1}
B30, Blotteritem, {'type': 'Trade', 'time': 45.21250000000172, 'price': 117, 'party1': 'S17', 'party2': 'B30', 'qty': 1}
B30, Blotteritem, {'type': 'Trade', 'time': 85.33750000001083, 'price': 98, 'party1': 'S19', 'party2': 'B30', 'qty': 1}
B30, Blotteritem, {'type': 'Trade', 'time': 122.5875000000193, 'price': 107, 'party1': 'S03', 'party2': 'B30', 'qty': 1}
B30, Blotteritem, {'type': 'Trade', 'time': 174.46249999997826, 'price': 96, 'party1': 'S16', 'party2': 'B30', 'qty': 1}
B30, Blotteritem, {'type': 'Trade', 'time': 197.34999999995745, 'price': 105.0, 'party1': 'S14', 'party2': 'B30', 'qty': 1}
B30, Blotteritem, {'type': 'Trade', 'time': 217.0749999999395, 'price': 108.0, 'party1': 'S23', 'party2': 'B30', 'qty': 1}
B30, Blotteritem, {'type': 'Trade', 'time': 265.62499999989535, 'price': 96, 'party1': 'S00', 'party2': 'B30', 'qty': 1}
B30, Blotteritem, {'type': 'Trade', 'time': 289.1874999998739, 'price': 95, 'party1': 'S04', 'party2': 'B30', 'qty': 1}
B30, Blotteritem, {'type': 'Trade', 'time': 329.17499999983755, 'price': 93, 'party1': 'S04', 'party2': 'B30', 'qty': 1}
B30, Blotteritem, {'type': 'Trade', 'time': 351.51249999981724, 'price': 101, 'party1': 'S20', 'party2': 'B30', 'qty': 1}
B30, Blotteritem, {'type': 'Trade', 'time': 388.22499999978385, 'price': 110, 'party1': 'S16', 'party2': 'B30', 'qty': 1}
B30, Blotteritem, {'type': 'Trade', 'time': 415.59999999975895, 'price': 93, 'party1': 'S15', 'party2': 'B30', 'qty': 1}
B30, Blotteritem, {'type': 'Trade', 'time': 447.13749999973027, 'price': 103.0, 'party1': 'S21', 'party2': 'B30', 'qty': 1}
B30, Blotteritem, {'type': 'Trade', 'time': 478.3499999997019, 'price': 97, 'party1': 'S15', 'party2': 'B30', 'qty': 1}
B30, Blotteritem, {'type': 'Trade', 'time': 492.3874999996891, 'price': 92, 'party1': 'S12', 'party2': 'B30', 'qty': 1}
B30, Blotteritem, {'type': 'Trade', 'time': 527.9124999997291, 'price': 117.0, 'party1': 'S14', 'party2': 'B30', 'qty': 1}
B30, Blotteritem, {'type': 'Trade', 'time': 563.5499999998588, 'price': 96, 'party1': 'S00', 'party2': 'B30', 'qty': 1}
B30, Blotteritem, {'type': 'Trade', 'time': 592.4124999999638, 'price': 106.0, 'party1': 'S15', 'party2': 'B30', 'qty': 1}
B31, 20
B31, Blotteritem, {'type': 'Trade', 'time': 19.78749999999941, 'price': 96, 'party1': 'S15', 'party2': 'B31', 'qty': 1}
B31, Blotteritem, {'type': 'Trade', 'time': 54.77500000000389, 'price': 99, 'party1': 'S15', 'party2': 'B31', 'qty': 1}
B31, Blotteritem, {'type': 'Trade', 'time': 87.01250000001122, 'price': 103.0, 'party1': 'S21', 'party2': 'B31', 'qty': 1}
B31, Blotteritem, {'type': 'Trade', 'time': 96.55000000001338, 'price': 99, 'party1': 'S19', 'party2': 'B31', 'qty': 1}
B31, Blotteritem, {'type': 'Trade', 'time': 143.60000000000633, 'price': 103.0, 'party1': 'S21', 'party2': 'B31', 'qty': 1}
B31, Blotteritem, {'type': 'Trade', 'time': 176.26249999997663, 'price': 97, 'party1': 'S07', 'party2': 'B31', 'qty': 1}
B31, Blotteritem, {'type': 'Trade', 'time': 182.57499999997088, 'price': 97, 'party1': 'S17', 'party2': 'B31', 'qty': 1}
B31, Blotteritem, {'type': 'Trade', 'time': 220.5874999999363, 'price': 103, 'party1': 'S03', 'party2': 'B31', 'qty': 1}
B31, Blotteritem, {'type': 'Trade', 'time': 254.17499999990576, 'price': 99, 'party1': 'S17', 'party2': 'B31', 'qty': 1}
B31, Blotteritem, {'type': 'Trade', 'time': 287.9124999998751, 'price': 97, 'party1': 'S03', 'party2': 'B31', 'qty': 1}
B31, Blotteritem, {'type': 'Trade', 'time': 323.8249999998424, 'price': 94, 'party1': 'S02', 'party2': 'B31', 'qty': 1}
B31, Blotteritem, {'type': 'Trade', 'time': 341.9749999998259, 'price': 93.0, 'party1': 'S17', 'party2': 'B31', 'qty': 1}
B31, Blotteritem, {'type': 'Trade', 'time': 369.5874999998008, 'price': 112, 'party1': 'S15', 'party2': 'B31', 'qty': 1}
B31, Blotteritem, {'type': 'Trade', 'time': 403.06249999977035, 'price': 107, 'party1': 'S04', 'party2': 'B31', 'qty': 1}
B31, Blotteritem, {'type': 'Trade', 'time': 434.5749999997417, 'price': 100, 'party1': 'S16', 'party2': 'B31', 'qty': 1}
B31, Blotteritem, {'type': 'Trade', 'time': 467.0124999997122, 'price': 97, 'party1': 'S00', 'party2': 'B31', 'qty': 1}
B31, Blotteritem, {'type': 'Trade', 'time': 489.6374999996916, 'price': 95, 'party1': 'S03', 'party2': 'B31', 'qty': 1}
B31, Blotteritem, {'type': 'Trade', 'time': 529.262499999734, 'price': 117.0, 'party1': 'S15', 'party2': 'B31', 'qty': 1}
B31, Blotteritem, {'type': 'Trade', 'time': 554.6749999998265, 'price': 100, 'party1': 'S03', 'party2': 'B31', 'qty': 1}
B31, Blotteritem, {'type': 'Trade', 'time': 597.9249999999838, 'price': 100, 'party1': 'S07', 'party2': 'B31', 'qty': 1}
B32, 19
B32, Blotteritem, {'type': 'Trade', 'time': 31.349999999998754, 'price': 103.0, 'party1': 'S21', 'party2': 'B32', 'qty': 1}
B32, Blotteritem, {'type': 'Trade', 'time': 40.92500000000074, 'price': 109, 'party1': 'B32', 'party2': 'S01', 'qty': 1}
B32, Blotteritem, {'type': 'Trade', 'time': 74.72500000000842, 'price': 92, 'party1': 'S14', 'party2': 'B32', 'qty': 1}
B32, Blotteritem, {'type': 'Trade', 'time': 120.16250000001875, 'price': 106, 'party1': 'B32', 'party2': 'S13', 'qty': 1}
B32, Blotteritem, {'type': 'Trade', 'time': 132.28750000001662, 'price': 108, 'party1': 'B32', 'party2': 'S04', 'qty': 1}
B32, Blotteritem, {'type': 'Trade', 'time': 182.51249999997094, 'price': 96, 'party1': 'B32', 'party2': 'S06', 'qty': 1}
B32, Blotteritem, {'type': 'Trade', 'time': 189.9249999999642, 'price': 96, 'party1': 'B32', 'party2': 'S08', 'qty': 1}
B32, Blotteritem, {'type': 'Trade', 'time': 230.3999999999274, 'price': 98, 'party1': 'B32', 'party2': 'S13', 'qty': 1}
B32, Blotteritem, {'type': 'Trade', 'time': 269.59999999989174, 'price': 94, 'party1': 'B32', 'party2': 'S13', 'qty': 1}
B32, Blotteritem, {'type': 'Trade', 'time': 319.17499999984665, 'price': 93, 'party1': 'B32', 'party2': 'S05', 'qty': 1}
B32, Blotteritem, {'type': 'Trade', 'time': 360.574999999809, 'price': 103, 'party1': 'B32', 'party2': 'S06', 'qty': 1}
B32, Blotteritem, {'type': 'Trade', 'time': 391.349999999781, 'price': 107, 'party1': 'B32', 'party2': 'S19', 'qty': 1}
B32, Blotteritem, {'type': 'Trade', 'time': 413.362499999761, 'price': 95, 'party1': 'S16', 'party2': 'B32', 'qty': 1}
B32, Blotteritem, {'type': 'Trade', 'time': 452.8249999997251, 'price': 95, 'party1': 'B32', 'party2': 'S01', 'qty': 1}
B32, Blotteritem, {'type': 'Trade', 'time': 454.7749999997233, 'price': 93, 'party1': 'B32', 'party2': 'S13', 'qty': 1}
B32, Blotteritem, {'type': 'Trade', 'time': 503.78749999967874, 'price': 95, 'party1': 'B32', 'party2': 'S07', 'qty': 1}
B32, Blotteritem, {'type': 'Trade', 'time': 541.7499999997794, 'price': 105, 'party1': 'B32', 'party2': 'S06', 'qty': 1}
B32, Blotteritem, {'type': 'Trade', 'time': 547.6124999998008, 'price': 103, 'party1': 'B32', 'party2': 'S18', 'qty': 1}
B32, Blotteritem, {'type': 'Trade', 'time': 585.2624999999377, 'price': 105, 'party1': 'B32', 'party2': 'S09', 'qty': 1}
B33, 20
B33, Blotteritem, {'type': 'Trade', 'time': 17.237499999999557, 'price': 99, 'party1': 'S16', 'party2': 'B33', 'qty': 1}
B33, Blotteritem, {'type': 'Trade', 'time': 50.51250000000292, 'price': 103, 'party1': 'S19', 'party2': 'B33', 'qty': 1}
B33, Blotteritem, {'type': 'Trade', 'time': 85.71250000001092, 'price': 101, 'party1': 'S20', 'party2': 'B33', 'qty': 1}
B33, Blotteritem, {'type': 'Trade', 'time': 115.78750000001776, 'price': 101, 'party1': 'S20', 'party2': 'B33', 'qty': 1}
B33, Blotteritem, {'type': 'Trade', 'time': 139.55000000001002, 'price': 107, 'party1': 'S07', 'party2': 'B33', 'qty': 1}
B33, Blotteritem, {'type': 'Trade', 'time': 162.93749999998875, 'price': 99, 'party1': 'S02', 'party2': 'B33', 'qty': 1}
B33, Blotteritem, {'type': 'Trade', 'time': 210.12499999994583, 'price': 98, 'party1': 'S07', 'party2': 'B33', 'qty': 1}
B33, Blotteritem, {'type': 'Trade', 'time': 221.18749999993577, 'price': 107.0, 'party1': 'S00', 'party2': 'B33', 'qty': 1}
B33, Blotteritem, {'type': 'Trade', 'time': 266.83749999989425, 'price': 101, 'party1': 'S20', 'party2': 'B33', 'qty': 1}
B33, Blotteritem, {'type': 'Trade', 'time': 294.1499999998694, 'price': 101.0, 'party1': 'S17', 'party2': 'B33', 'qty': 1}
B33, Blotteritem, {'type': 'Trade', 'time': 325.19999999984117, 'price': 94, 'party1': 'S07', 'party2': 'B33', 'qty': 1}
B33, Blotteritem, {'type': 'Trade', 'time': 344.46249999982365, 'price': 96.0, 'party1': 'S18', 'party2': 'B33', 'qty': 1}
B33, Blotteritem, {'type': 'Trade', 'time': 383.4624999997882, 'price': 116, 'party1': 'S26', 'party2': 'B33', 'qty': 1}
B33, Blotteritem, {'type': 'Trade', 'time': 417.79999999975695, 'price': 98, 'party1': 'S19', 'party2': 'B33', 'qty': 1}
B33, Blotteritem, {'type': 'Trade', 'time': 429.7499999997461, 'price': 101, 'party1': 'S20', 'party2': 'B33', 'qty': 1}
B33, Blotteritem, {'type': 'Trade', 'time': 456.237499999722, 'price': 96.0, 'party1': 'S18', 'party2': 'B33', 'qty': 1}
B33, Blotteritem, {'type': 'Trade', 'time': 494.96249999968677, 'price': 87, 'party1': 'S14', 'party2': 'B33', 'qty': 1}
B33, Blotteritem, {'type': 'Trade', 'time': 536.4999999997603, 'price': 110, 'party1': 'S04', 'party2': 'B33', 'qty': 1}
B33, Blotteritem, {'type': 'Trade', 'time': 548.6624999998046, 'price': 106, 'party1': 'S20', 'party2': 'B33', 'qty': 1}
B33, Blotteritem, {'type': 'Trade', 'time': 593.1624999999665, 'price': 105, 'party1': 'S16', 'party2': 'B33', 'qty': 1}
B34, 20
B34, Blotteritem, {'type': 'Trade', 'time': 20.924999999999347, 'price': 97, 'party1': 'S14', 'party2': 'B34', 'qty': 1}
B34, Blotteritem, {'type': 'Trade', 'time': 43.15000000000125, 'price': 108, 'party1': 'S04', 'party2': 'B34', 'qty': 1}
B34, Blotteritem, {'type': 'Trade', 'time': 75.85000000000868, 'price': 89, 'party1': 'B34', 'party2': 'S15', 'qty': 1}
B34, Blotteritem, {'type': 'Trade', 'time': 116.4125000000179, 'price': 101, 'party1': 'B34', 'party2': 'S04', 'qty': 1}
B34, Blotteritem, {'type': 'Trade', 'time': 126.42500000002018, 'price': 107, 'party1': 'B34', 'party2': 'S09', 'qty': 1}
B34, Blotteritem, {'type': 'Trade', 'time': 156.6249999999945, 'price': 109, 'party1': 'B34', 'party2': 'S01', 'qty': 1}
B34, Blotteritem, {'type': 'Trade', 'time': 211.5874999999445, 'price': 98, 'party1': 'B34', 'party2': 'S07', 'qty': 1}
B34, Blotteritem, {'type': 'Trade', 'time': 237.34999999992107, 'price': 99, 'party1': 'B34', 'party2': 'S06', 'qty': 1}
B34, Blotteritem, {'type': 'Trade', 'time': 248.2124999999112, 'price': 92, 'party1': 'S16', 'party2': 'B34', 'qty': 1}
B34, Blotteritem, {'type': 'Trade', 'time': 296.4749999998673, 'price': 92, 'party1': 'B34', 'party2': 'S15', 'qty': 1}
B34, Blotteritem, {'type': 'Trade', 'time': 304.43749999986005, 'price': 95, 'party1': 'B34', 'party2': 'S01', 'qty': 1}
B34, Blotteritem, {'type': 'Trade', 'time': 357.5999999998117, 'price': 99, 'party1': 'B34', 'party2': 'S00', 'qty': 1}
B34, Blotteritem, {'type': 'Trade', 'time': 381.2499999997902, 'price': 108, 'party1': 'S14', 'party2': 'B34', 'qty': 1}
B34, Blotteritem, {'type': 'Trade', 'time': 397.8249999997751, 'price': 117.0, 'party1': 'B34', 'party2': 'S18', 'qty': 1}
B34, Blotteritem, {'type': 'Trade', 'time': 437.7749999997388, 'price': 106, 'party1': 'B34', 'party2': 'S07', 'qty': 1}
B34, Blotteritem, {'type': 'Trade', 'time': 472.4124999997073, 'price': 99, 'party1': 'B34', 'party2': 'S02', 'qty': 1}
B34, Blotteritem, {'type': 'Trade', 'time': 498.024999999684, 'price': 91, 'party1': 'B34', 'party2': 'S08', 'qty': 1}
B34, Blotteritem, {'type': 'Trade', 'time': 527.1499999997263, 'price': 111, 'party1': 'B34', 'party2': 'S09', 'qty': 1}
B34, Blotteritem, {'type': 'Trade', 'time': 552.3249999998179, 'price': 97, 'party1': 'B34', 'party2': 'S01', 'qty': 1}
B34, Blotteritem, {'type': 'Trade', 'time': 586.6499999999428, 'price': 106.0, 'party1': 'S12', 'party2': 'B34', 'qty': 1}
B35, 19
B35, Blotteritem, {'type': 'Trade', 'time': 10.82499999999992, 'price': 108, 'party1': 'B35', 'party2': 'S02', 'qty': 1}
B35, Blotteritem, {'type': 'Trade', 'time': 49.22500000000263, 'price': 108, 'party1': 'B35', 'party2': 'S18', 'qty': 1}
B35, Blotteritem, {'type': 'Trade', 'time': 70.2500000000074, 'price': 97, 'party1': 'B35', 'party2': 'S04', 'qty': 1}
B35, Blotteritem, {'type': 'Trade', 'time': 98.28750000001378, 'price': 97, 'party1': 'B35', 'party2': 'S01', 'qty': 1}
B35, Blotteritem, {'type': 'Trade', 'time': 134.48750000001462, 'price': 107, 'party1': 'B35', 'party2': 'S18', 'qty': 1}
B35, Blotteritem, {'type': 'Trade', 'time': 195.8624999999588, 'price': 96, 'party1': 'B35', 'party2': 'S18', 'qty': 1}
B35, Blotteritem, {'type': 'Trade', 'time': 217.68749999993895, 'price': 97, 'party1': 'B35', 'party2': 'S05', 'qty': 1}
B35, Blotteritem, {'type': 'Trade', 'time': 241.08749999991767, 'price': 97, 'party1': 'B35', 'party2': 'S06', 'qty': 1}
B35, Blotteritem, {'type': 'Trade', 'time': 271.64999999988987, 'price': 95, 'party1': 'B35', 'party2': 'S05', 'qty': 1}
B35, Blotteritem, {'type': 'Trade', 'time': 285.86249999987695, 'price': 95, 'party1': 'B35', 'party2': 'S06', 'qty': 1}
B35, Blotteritem, {'type': 'Trade', 'time': 322.16249999984393, 'price': 92, 'party1': 'B35', 'party2': 'S06', 'qty': 1}
B35, Blotteritem, {'type': 'Trade', 'time': 375.5374999997954, 'price': 101, 'party1': 'B35', 'party2': 'S05', 'qty': 1}
B35, Blotteritem, {'type': 'Trade', 'time': 417.4999999997572, 'price': 93, 'party1': 'S03', 'party2': 'B35', 'qty': 1}
B35, Blotteritem, {'type': 'Trade', 'time': 445.8749999997314, 'price': 93, 'party1': 'S11', 'party2': 'B35', 'qty': 1}
B35, Blotteritem, {'type': 'Trade', 'time': 456.0874999997221, 'price': 93, 'party1': 'B35', 'party2': 'S05', 'qty': 1}
B35, Blotteritem, {'type': 'Trade', 'time': 511.9749999996713, 'price': 93, 'party1': 'B35', 'party2': 'S10', 'qty': 1}
B35, Blotteritem, {'type': 'Trade', 'time': 533.6374999997499, 'price': 108, 'party1': 'B35', 'party2': 'S01', 'qty': 1}
B35, Blotteritem, {'type': 'Trade', 'time': 546.012499999795, 'price': 107, 'party1': 'S07', 'party2': 'B35', 'qty': 1}
B35, Blotteritem, {'type': 'Trade', 'time': 597.0749999999807, 'price': 100, 'party1': 'B35', 'party2': 'S17', 'qty': 1}
B36, 19
B36, Blotteritem, {'type': 'Trade', 'time': 3.5875000000000172, 'price': 96, 'party1': 'B36', 'party2': 'S08', 'qty': 1}
B36, Blotteritem, {'type': 'Trade', 'time': 48.86250000000255, 'price': 109, 'party1': 'B36', 'party2': 'S00', 'qty': 1}
B36, Blotteritem, {'type': 'Trade', 'time': 90.15000000001193, 'price': 99, 'party1': 'B36', 'party2': 'S09', 'qty': 1}
B36, Blotteritem, {'type': 'Trade', 'time': 123.27500000001946, 'price': 105, 'party1': 'B36', 'party2': 'S13', 'qty': 1}
B36, Blotteritem, {'type': 'Trade', 'time': 147.275000000003, 'price': 98, 'party1': 'B36', 'party2': 'S05', 'qty': 1}
B36, Blotteritem, {'type': 'Trade', 'time': 170.88749999998151, 'price': 97, 'party1': 'B36', 'party2': 'S11', 'qty': 1}
B36, Blotteritem, {'type': 'Trade', 'time': 208.97499999994687, 'price': 98, 'party1': 'B36', 'party2': 'S19', 'qty': 1}
B36, Blotteritem, {'type': 'Trade', 'time': 235.27499999992295, 'price': 99, 'party1': 'B36', 'party2': 'S18', 'qty': 1}
B36, Blotteritem, {'type': 'Trade', 'time': 260.0874999999004, 'price': 97, 'party1': 'B36', 'party2': 'S05', 'qty': 1}
B36, Blotteritem, {'type': 'Trade', 'time': 282.3874999998801, 'price': 100, 'party1': 'B36', 'party2': 'S18', 'qty': 1}
B36, Blotteritem, {'type': 'Trade', 'time': 328.86249999983784, 'price': 91, 'party1': 'B36', 'party2': 'S08', 'qty': 1}
B36, Blotteritem, {'type': 'Trade', 'time': 361.52499999980813, 'price': 102, 'party1': 'B36', 'party2': 'S18', 'qty': 1}
B36, Blotteritem, {'type': 'Trade', 'time': 384.9874999997868, 'price': 106, 'party1': 'B36', 'party2': 'S13', 'qty': 1}
B36, Blotteritem, {'type': 'Trade', 'time': 404.9874999997686, 'price': 103, 'party1': 'B36', 'party2': 'S08', 'qty': 1}
B36, Blotteritem, {'type': 'Trade', 'time': 453.98749999972404, 'price': 94, 'party1': 'B36', 'party2': 'S17', 'qty': 1}
B36, Blotteritem, {'type': 'Trade', 'time': 509.39999999967364, 'price': 95, 'party1': 'B36', 'party2': 'S13', 'qty': 1}
B36, Blotteritem, {'type': 'Trade', 'time': 529.3124999997342, 'price': 111, 'party1': 'B36', 'party2': 'S21', 'qty': 1}
B36, Blotteritem, {'type': 'Trade', 'time': 554.4749999998257, 'price': 97, 'party1': 'B36', 'party2': 'S13', 'qty': 1}
B36, Blotteritem, {'type': 'Trade', 'time': 598.0624999999843, 'price': 96, 'party1': 'B36', 'party2': 'S11', 'qty': 1}
B37, 20
B37, Blotteritem, {'type': 'Trade', 'time': 23.049999999999226, 'price': 101, 'party1': 'S20', 'party2': 'B37', 'qty': 1}
B37, Blotteritem, {'type': 'Trade', 'time': 30.72499999999879, 'price': 100.0, 'party1': 'S12', 'party2': 'B37', 'qty': 1}
B37, Blotteritem, {'type': 'Trade', 'time': 88.7250000000116, 'price': 108.0, 'party1': 'S23', 'party2': 'B37', 'qty': 1}
B37, Blotteritem, {'type': 'Trade', 'time': 109.8250000000164, 'price': 93, 'party1': 'S02', 'party2': 'B37', 'qty': 1}
B37, Blotteritem, {'type': 'Trade', 'time': 151.28749999999934, 'price': 103, 'party1': 'S02', 'party2': 'B37', 'qty': 1}
B37, Blotteritem, {'type': 'Trade', 'time': 152.71249999999804, 'price': 103, 'party1': 'S19', 'party2': 'B37', 'qty': 1}
B37, Blotteritem, {'type': 'Trade', 'time': 187.92499999996602, 'price': 98, 'party1': 'S04', 'party2': 'B37', 'qty': 1}
B37, Blotteritem, {'type': 'Trade', 'time': 212.93749999994327, 'price': 100.0, 'party1': 'S17', 'party2': 'B37', 'qty': 1}
B37, Blotteritem, {'type': 'Trade', 'time': 265.6624999998953, 'price': 97, 'party1': 'S07', 'party2': 'B37', 'qty': 1}
B37, Blotteritem, {'type': 'Trade', 'time': 274.52499999988726, 'price': 96, 'party1': 'S00', 'party2': 'B37', 'qty': 1}
B37, Blotteritem, {'type': 'Trade', 'time': 331.27499999983564, 'price': 96.0, 'party1': 'S18', 'party2': 'B37', 'qty': 1}
B37, Blotteritem, {'type': 'Trade', 'time': 338.2374999998293, 'price': 91, 'party1': 'S03', 'party2': 'B37', 'qty': 1}
B37, Blotteritem, {'type': 'Trade', 'time': 361.94999999980774, 'price': 104.0, 'party1': 'S12', 'party2': 'B37', 'qty': 1}
B37, Blotteritem, {'type': 'Trade', 'time': 406.9499999997668, 'price': 108.0, 'party1': 'S23', 'party2': 'B37', 'qty': 1}
B37, Blotteritem, {'type': 'Trade', 'time': 438.624999999738, 'price': 116, 'party1': 'S26', 'party2': 'B37', 'qty': 1}
B37, Blotteritem, {'type': 'Trade', 'time': 471.4874999997081, 'price': 98, 'party1': 'S19', 'party2': 'B37', 'qty': 1}
B37, Blotteritem, {'type': 'Trade', 'time': 508.7749999996742, 'price': 103.0, 'party1': 'S21', 'party2': 'B37', 'qty': 1}
B37, Blotteritem, {'type': 'Trade', 'time': 526.0999999997225, 'price': 116, 'party1': 'S26', 'party2': 'B37', 'qty': 1}
B37, Blotteritem, {'type': 'Trade', 'time': 555.3499999998289, 'price': 100, 'party1': 'S16', 'party2': 'B37', 'qty': 1}
B37, Blotteritem, {'type': 'Trade', 'time': 574.5749999998989, 'price': 101, 'party1': 'S20', 'party2': 'B37', 'qty': 1}
B38, 19
B38, Blotteritem, {'type': 'Trade', 'time': 16.537499999999596, 'price': 103, 'party1': 'B38', 'party2': 'S00', 'qty': 1}
B38, Blotteritem, {'type': 'Trade', 'time': 40.83750000000072, 'price': 110, 'party1': 'B38', 'party2': 'S02', 'qty': 1}
B38, Blotteritem, {'type': 'Trade', 'time': 80.01250000000962, 'price': 96.0, 'party1': 'S18', 'party2': 'B38', 'qty': 1}
B38, Blotteritem, {'type': 'Trade', 'time': 119.67500000001864, 'price': 106, 'party1': 'B38', 'party2': 'S15', 'qty': 1}
B38, Blotteritem, {'type': 'Trade', 'time': 134.46250000001464, 'price': 110, 'party1': 'B38', 'party2': 'S16', 'qty': 1}
B38, Blotteritem, {'type': 'Trade', 'time': 159.9124999999915, 'price': 92.0, 'party1': 'B38', 'party2': 'S05', 'qty': 1}
B38, Blotteritem, {'type': 'Trade', 'time': 201.0374999999541, 'price': 100, 'party1': 'B38', 'party2': 'S05', 'qty': 1}
B38, Blotteritem, {'type': 'Trade', 'time': 237.16249999992124, 'price': 100, 'party1': 'S12', 'party2': 'B38', 'qty': 1}
B38, Blotteritem, {'type': 'Trade', 'time': 276.7749999998852, 'price': 100, 'party1': 'S19', 'party2': 'B38', 'qty': 1}
B38, Blotteritem, {'type': 'Trade', 'time': 328.4499999998382, 'price': 92.0, 'party1': 'B38', 'party2': 'S16', 'qty': 1}
B38, Blotteritem, {'type': 'Trade', 'time': 346.299999999822, 'price': 88.0, 'party1': 'B38', 'party2': 'S09', 'qty': 1}
B38, Blotteritem, {'type': 'Trade', 'time': 388.57499999978353, 'price': 110, 'party1': 'S02', 'party2': 'B38', 'qty': 1}
B38, Blotteritem, {'type': 'Trade', 'time': 421.2374999997538, 'price': 97.0, 'party1': 'B38', 'party2': 'S04', 'qty': 1}
B38, Blotteritem, {'type': 'Trade', 'time': 450.1999999997275, 'price': 97, 'party1': 'B38', 'party2': 'S11', 'qty': 1}
B38, Blotteritem, {'type': 'Trade', 'time': 481.23749999969925, 'price': 97, 'party1': 'S03', 'party2': 'B38', 'qty': 1}
B38, Blotteritem, {'type': 'Trade', 'time': 505.33749999967733, 'price': 96.0, 'party1': 'S18', 'party2': 'B38', 'qty': 1}
B38, Blotteritem, {'type': 'Trade', 'time': 520.9374999997037, 'price': 92, 'party1': 'S00', 'party2': 'B38', 'qty': 1}
B38, Blotteritem, {'type': 'Trade', 'time': 570.8999999998855, 'price': 94, 'party1': 'B38', 'party2': 'S17', 'qty': 1}
B38, Blotteritem, {'type': 'Trade', 'time': 578.6749999999138, 'price': 99, 'party1': 'B38', 'party2': 'S03', 'qty': 1}
B39, 16
B39, Blotteritem, {'type': 'Trade', 'time': 29.187499999998877, 'price': 96.0, 'party1': 'S18', 'party2': 'B39', 'qty': 1}
B39, Blotteritem, {'type': 'Trade', 'time': 41.92500000000097, 'price': 108, 'party1': 'B39', 'party2': 'S05', 'qty': 1}
B39, Blotteritem, {'type': 'Trade', 'time': 92.41250000001244, 'price': 99, 'party1': 'B39', 'party2': 'S11', 'qty': 1}
B39, Blotteritem, {'type': 'Trade', 'time': 126.76250000002025, 'price': 105, 'party1': 'B39', 'party2': 'S10', 'qty': 1}
B39, Blotteritem, {'type': 'Trade', 'time': 158.34999999999292, 'price': 108, 'party1': 'B39', 'party2': 'S06', 'qty': 1}
B39, Blotteritem, {'type': 'Trade', 'time': 231.5999999999263, 'price': 97, 'party1': 'B39', 'party2': 'S11', 'qty': 1}
B39, Blotteritem, {'type': 'Trade', 'time': 261.8124999998988, 'price': 96, 'party1': 'B39', 'party2': 'S12', 'qty': 1}
B39, Blotteritem, {'type': 'Trade', 'time': 302.274999999862, 'price': 94, 'party1': 'B39', 'party2': 'S13', 'qty': 1}
B39, Blotteritem, {'type': 'Trade', 'time': 335.9624999998314, 'price': 90, 'party1': 'B39', 'party2': 'S01', 'qty': 1}
B39, Blotteritem, {'type': 'Trade', 'time': 374.2999999997965, 'price': 103, 'party1': 'B39', 'party2': 'S08', 'qty': 1}
B39, Blotteritem, {'type': 'Trade', 'time': 422.9999999997522, 'price': 97.0, 'party1': 'S00', 'party2': 'B39', 'qty': 1}
B39, Blotteritem, {'type': 'Trade', 'time': 427.4124999997482, 'price': 96, 'party1': 'B39', 'party2': 'S00', 'qty': 1}
B39, Blotteritem, {'type': 'Trade', 'time': 476.8124999997033, 'price': 94, 'party1': 'B39', 'party2': 'S13', 'qty': 1}
B39, Blotteritem, {'type': 'Trade', 'time': 495.6749999996861, 'price': 89, 'party1': 'B39', 'party2': 'S04', 'qty': 1}
B39, Blotteritem, {'type': 'Trade', 'time': 537.6374999997645, 'price': 107, 'party1': 'B39', 'party2': 'S11', 'qty': 1}
B39, Blotteritem, {'type': 'Trade', 'time': 586.9999999999441, 'price': 102, 'party1': 'B39', 'party2': 'S18', 'qty': 1}
S00, 20
S00, Blotteritem, {'type': 'Trade', 'time': 16.537499999999596, 'price': 103, 'party1': 'B38', 'party2': 'S00', 'qty': 1}
S00, Blotteritem, {'type': 'Trade', 'time': 48.86250000000255, 'price': 109, 'party1': 'B36', 'party2': 'S00', 'qty': 1}
S00, Blotteritem, {'type': 'Trade', 'time': 70.2250000000074, 'price': 98, 'party1': 'B29', 'party2': 'S00', 'qty': 1}
S00, Blotteritem, {'type': 'Trade', 'time': 100.42500000001426, 'price': 97, 'party1': 'S00', 'party2': 'B26', 'qty': 1}
S00, Blotteritem, {'type': 'Trade', 'time': 123.4250000000195, 'price': 105, 'party1': 'B27', 'party2': 'S00', 'qty': 1}
S00, Blotteritem, {'type': 'Trade', 'time': 164.27499999998753, 'price': 99, 'party1': 'S00', 'party2': 'B28', 'qty': 1}
S00, Blotteritem, {'type': 'Trade', 'time': 204.71249999995075, 'price': 98.0, 'party1': 'S00', 'party2': 'B28', 'qty': 1}
S00, Blotteritem, {'type': 'Trade', 'time': 221.18749999993577, 'price': 107.0, 'party1': 'S00', 'party2': 'B33', 'qty': 1}
S00, Blotteritem, {'type': 'Trade', 'time': 265.62499999989535, 'price': 96, 'party1': 'S00', 'party2': 'B30', 'qty': 1}
S00, Blotteritem, {'type': 'Trade', 'time': 274.52499999988726, 'price': 96, 'party1': 'S00', 'party2': 'B37', 'qty': 1}
S00, Blotteritem, {'type': 'Trade', 'time': 313.11249999985216, 'price': 98.0, 'party1': 'S00', 'party2': 'B23', 'qty': 1}
S00, Blotteritem, {'type': 'Trade', 'time': 357.5999999998117, 'price': 99, 'party1': 'B34', 'party2': 'S00', 'qty': 1}
S00, Blotteritem, {'type': 'Trade', 'time': 361.3249999998083, 'price': 104.0, 'party1': 'S00', 'party2': 'B28', 'qty': 1}
S00, Blotteritem, {'type': 'Trade', 'time': 422.9999999997522, 'price': 97.0, 'party1': 'S00', 'party2': 'B39', 'qty': 1}
S00, Blotteritem, {'type': 'Trade', 'time': 427.4124999997482, 'price': 96, 'party1': 'B39', 'party2': 'S00', 'qty': 1}
S00, Blotteritem, {'type': 'Trade', 'time': 467.0124999997122, 'price': 97, 'party1': 'S00', 'party2': 'B31', 'qty': 1}
S00, Blotteritem, {'type': 'Trade', 'time': 498.8624999996832, 'price': 93, 'party1': 'S00', 'party2': 'B21', 'qty': 1}
S00, Blotteritem, {'type': 'Trade', 'time': 520.9374999997037, 'price': 92, 'party1': 'S00', 'party2': 'B38', 'qty': 1}
S00, Blotteritem, {'type': 'Trade', 'time': 563.5499999998588, 'price': 96, 'party1': 'S00', 'party2': 'B30', 'qty': 1}
S00, Blotteritem, {'type': 'Trade', 'time': 573.8374999998962, 'price': 93, 'party1': 'B27', 'party2': 'S00', 'qty': 1}
S01, 20
S01, Blotteritem, {'type': 'Trade', 'time': 22.499999999999257, 'price': 85, 'party1': 'B22', 'party2': 'S01', 'qty': 1}
S01, Blotteritem, {'type': 'Trade', 'time': 40.92500000000074, 'price': 109, 'party1': 'B32', 'party2': 'S01', 'qty': 1}
S01, Blotteritem, {'type': 'Trade', 'time': 62.612500000005674, 'price': 99, 'party1': 'B21', 'party2': 'S01', 'qty': 1}
S01, Blotteritem, {'type': 'Trade', 'time': 98.28750000001378, 'price': 97, 'party1': 'B35', 'party2': 'S01', 'qty': 1}
S01, Blotteritem, {'type': 'Trade', 'time': 128.1375000000204, 'price': 97, 'party1': 'B20', 'party2': 'S01', 'qty': 1}
S01, Blotteritem, {'type': 'Trade', 'time': 156.6249999999945, 'price': 109, 'party1': 'B34', 'party2': 'S01', 'qty': 1}
S01, Blotteritem, {'type': 'Trade', 'time': 189.66249999996444, 'price': 96, 'party1': 'B27', 'party2': 'S01', 'qty': 1}
S01, Blotteritem, {'type': 'Trade', 'time': 233.2499999999248, 'price': 100, 'party1': 'B23', 'party2': 'S01', 'qty': 1}
S01, Blotteritem, {'type': 'Trade', 'time': 264.18749999989666, 'price': 95, 'party1': 'B27', 'party2': 'S01', 'qty': 1}
S01, Blotteritem, {'type': 'Trade', 'time': 286.6999999998762, 'price': 86, 'party1': 'B19', 'party2': 'S01', 'qty': 1}
S01, Blotteritem, {'type': 'Trade', 'time': 304.43749999986005, 'price': 95, 'party1': 'B34', 'party2': 'S01', 'qty': 1}
S01, Blotteritem, {'type': 'Trade', 'time': 335.9624999998314, 'price': 90, 'party1': 'B39', 'party2': 'S01', 'qty': 1}
S01, Blotteritem, {'type': 'Trade', 'time': 392.8999999997796, 'price': 100, 'party1': 'B20', 'party2': 'S01', 'qty': 1}
S01, Blotteritem, {'type': 'Trade', 'time': 399.66249999977344, 'price': 116.0, 'party1': 'B26', 'party2': 'S01', 'qty': 1}
S01, Blotteritem, {'type': 'Trade', 'time': 441.1624999997357, 'price': 91.0, 'party1': 'B16', 'party2': 'S01', 'qty': 1}
S01, Blotteritem, {'type': 'Trade', 'time': 452.8249999997251, 'price': 95, 'party1': 'B32', 'party2': 'S01', 'qty': 1}
S01, Blotteritem, {'type': 'Trade', 'time': 481.9499999996986, 'price': 95, 'party1': 'B25', 'party2': 'S01', 'qty': 1}
S01, Blotteritem, {'type': 'Trade', 'time': 533.6374999997499, 'price': 108, 'party1': 'B35', 'party2': 'S01', 'qty': 1}
S01, Blotteritem, {'type': 'Trade', 'time': 552.3249999998179, 'price': 97, 'party1': 'B34', 'party2': 'S01', 'qty': 1}
S01, Blotteritem, {'type': 'Trade', 'time': 594.5999999999717, 'price': 91.0, 'party1': 'B16', 'party2': 'S01', 'qty': 1}
S02, 20
S02, Blotteritem, {'type': 'Trade', 'time': 10.82499999999992, 'price': 108, 'party1': 'B35', 'party2': 'S02', 'qty': 1}
S02, Blotteritem, {'type': 'Trade', 'time': 40.83750000000072, 'price': 110, 'party1': 'B38', 'party2': 'S02', 'qty': 1}
S02, Blotteritem, {'type': 'Trade', 'time': 86.28750000001105, 'price': 102, 'party1': 'B21', 'party2': 'S02', 'qty': 1}
S02, Blotteritem, {'type': 'Trade', 'time': 109.8250000000164, 'price': 93, 'party1': 'S02', 'party2': 'B37', 'qty': 1}
S02, Blotteritem, {'type': 'Trade', 'time': 151.28749999999934, 'price': 103, 'party1': 'S02', 'party2': 'B37', 'qty': 1}
S02, Blotteritem, {'type': 'Trade', 'time': 162.93749999998875, 'price': 99, 'party1': 'S02', 'party2': 'B33', 'qty': 1}
S02, Blotteritem, {'type': 'Trade', 'time': 207.8624999999479, 'price': 98, 'party1': 'S02', 'party2': 'B20', 'qty': 1}
S02, Blotteritem, {'type': 'Trade', 'time': 238.46249999992006, 'price': 100, 'party1': 'S02', 'party2': 'B20', 'qty': 1}
S02, Blotteritem, {'type': 'Trade', 'time': 249.58749999990994, 'price': 91, 'party1': 'S02', 'party2': 'B17', 'qty': 1}
S02, Blotteritem, {'type': 'Trade', 'time': 292.5999999998708, 'price': 92, 'party1': 'S02', 'party2': 'B26', 'qty': 1}
S02, Blotteritem, {'type': 'Trade', 'time': 323.8249999998424, 'price': 94, 'party1': 'S02', 'party2': 'B31', 'qty': 1}
S02, Blotteritem, {'type': 'Trade', 'time': 338.53749999982904, 'price': 92, 'party1': 'S02', 'party2': 'B18', 'qty': 1}
S02, Blotteritem, {'type': 'Trade', 'time': 388.57499999978353, 'price': 110, 'party1': 'S02', 'party2': 'B38', 'qty': 1}
S02, Blotteritem, {'type': 'Trade', 'time': 418.6499999997562, 'price': 100, 'party1': 'B22', 'party2': 'S02', 'qty': 1}
S02, Blotteritem, {'type': 'Trade', 'time': 444.8999999997323, 'price': 91, 'party1': 'S02', 'party2': 'B22', 'qty': 1}
S02, Blotteritem, {'type': 'Trade', 'time': 472.4124999997073, 'price': 99, 'party1': 'B34', 'party2': 'S02', 'qty': 1}
S02, Blotteritem, {'type': 'Trade', 'time': 493.9499999996877, 'price': 90, 'party1': 'S02', 'party2': 'B17', 'qty': 1}
S02, Blotteritem, {'type': 'Trade', 'time': 551.0624999998133, 'price': 101, 'party1': 'S02', 'party2': 'B22', 'qty': 1}
S02, Blotteritem, {'type': 'Trade', 'time': 557.7999999998378, 'price': 98, 'party1': 'S02', 'party2': 'B25', 'qty': 1}
S02, Blotteritem, {'type': 'Trade', 'time': 584.787499999936, 'price': 105, 'party1': 'B24', 'party2': 'S02', 'qty': 1}
S03, 18
S03, Blotteritem, {'type': 'Trade', 'time': 8.800000000000034, 'price': 122, 'party1': 'B29', 'party2': 'S03', 'qty': 1}
S03, Blotteritem, {'type': 'Trade', 'time': 59.28750000000492, 'price': 91, 'party1': 'S03', 'party2': 'B26', 'qty': 1}
S03, Blotteritem, {'type': 'Trade', 'time': 85.1750000000108, 'price': 96, 'party1': 'S03', 'party2': 'B26', 'qty': 1}
S03, Blotteritem, {'type': 'Trade', 'time': 122.5875000000193, 'price': 107, 'party1': 'S03', 'party2': 'B30', 'qty': 1}
S03, Blotteritem, {'type': 'Trade', 'time': 162.92499999998876, 'price': 98, 'party1': 'S03', 'party2': 'B20', 'qty': 1}
S03, Blotteritem, {'type': 'Trade', 'time': 189.02499999996502, 'price': 99, 'party1': 'S03', 'party2': 'B22', 'qty': 1}
S03, Blotteritem, {'type': 'Trade', 'time': 220.5874999999363, 'price': 103, 'party1': 'S03', 'party2': 'B31', 'qty': 1}
S03, Blotteritem, {'type': 'Trade', 'time': 248.49999999991093, 'price': 91, 'party1': 'S03', 'party2': 'B28', 'qty': 1}
S03, Blotteritem, {'type': 'Trade', 'time': 287.9124999998751, 'price': 97, 'party1': 'S03', 'party2': 'B31', 'qty': 1}
S03, Blotteritem, {'type': 'Trade', 'time': 338.2374999998293, 'price': 91, 'party1': 'S03', 'party2': 'B37', 'qty': 1}
S03, Blotteritem, {'type': 'Trade', 'time': 351.3624999998174, 'price': 92, 'party1': 'S03', 'party2': 'B21', 'qty': 1}
S03, Blotteritem, {'type': 'Trade', 'time': 381.74999999978974, 'price': 108, 'party1': 'S03', 'party2': 'B26', 'qty': 1}
S03, Blotteritem, {'type': 'Trade', 'time': 417.4999999997572, 'price': 93, 'party1': 'S03', 'party2': 'B35', 'qty': 1}
S03, Blotteritem, {'type': 'Trade', 'time': 427.624999999748, 'price': 98, 'party1': 'S03', 'party2': 'B21', 'qty': 1}
S03, Blotteritem, {'type': 'Trade', 'time': 481.23749999969925, 'price': 97, 'party1': 'S03', 'party2': 'B38', 'qty': 1}
S03, Blotteritem, {'type': 'Trade', 'time': 489.6374999996916, 'price': 95, 'party1': 'S03', 'party2': 'B31', 'qty': 1}
S03, Blotteritem, {'type': 'Trade', 'time': 554.6749999998265, 'price': 100, 'party1': 'S03', 'party2': 'B31', 'qty': 1}
S03, Blotteritem, {'type': 'Trade', 'time': 578.6749999999138, 'price': 99, 'party1': 'B38', 'party2': 'S03', 'qty': 1}
S04, 19
S04, Blotteritem, {'type': 'Trade', 'time': 9.025000000000022, 'price': 119, 'party1': 'B30', 'party2': 'S04', 'qty': 1}
S04, Blotteritem, {'type': 'Trade', 'time': 43.15000000000125, 'price': 108, 'party1': 'S04', 'party2': 'B34', 'qty': 1}
S04, Blotteritem, {'type': 'Trade', 'time': 70.2500000000074, 'price': 97, 'party1': 'B35', 'party2': 'S04', 'qty': 1}
S04, Blotteritem, {'type': 'Trade', 'time': 116.4125000000179, 'price': 101, 'party1': 'B34', 'party2': 'S04', 'qty': 1}
S04, Blotteritem, {'type': 'Trade', 'time': 132.28750000001662, 'price': 108, 'party1': 'B32', 'party2': 'S04', 'qty': 1}
S04, Blotteritem, {'type': 'Trade', 'time': 174.5249999999782, 'price': 95, 'party1': 'B18', 'party2': 'S04', 'qty': 1}
S04, Blotteritem, {'type': 'Trade', 'time': 187.92499999996602, 'price': 98, 'party1': 'S04', 'party2': 'B37', 'qty': 1}
S04, Blotteritem, {'type': 'Trade', 'time': 250.31249999990928, 'price': 91, 'party1': 'S04', 'party2': 'B21', 'qty': 1}
S04, Blotteritem, {'type': 'Trade', 'time': 289.1874999998739, 'price': 95, 'party1': 'S04', 'party2': 'B30', 'qty': 1}
S04, Blotteritem, {'type': 'Trade', 'time': 329.17499999983755, 'price': 93, 'party1': 'S04', 'party2': 'B30', 'qty': 1}
S04, Blotteritem, {'type': 'Trade', 'time': 344.087499999824, 'price': 91, 'party1': 'S04', 'party2': 'B22', 'qty': 1}
S04, Blotteritem, {'type': 'Trade', 'time': 395.57499999977716, 'price': 100, 'party1': 'S04', 'party2': 'B27', 'qty': 1}
S04, Blotteritem, {'type': 'Trade', 'time': 403.06249999977035, 'price': 107, 'party1': 'S04', 'party2': 'B31', 'qty': 1}
S04, Blotteritem, {'type': 'Trade', 'time': 421.2374999997538, 'price': 97.0, 'party1': 'B38', 'party2': 'S04', 'qty': 1}
S04, Blotteritem, {'type': 'Trade', 'time': 457.5749999997208, 'price': 96, 'party1': 'S04', 'party2': 'B20', 'qty': 1}
S04, Blotteritem, {'type': 'Trade', 'time': 495.6749999996861, 'price': 89, 'party1': 'B39', 'party2': 'S04', 'qty': 1}
S04, Blotteritem, {'type': 'Trade', 'time': 536.4999999997603, 'price': 110, 'party1': 'S04', 'party2': 'B33', 'qty': 1}
S04, Blotteritem, {'type': 'Trade', 'time': 552.4999999998186, 'price': 100, 'party1': 'S04', 'party2': 'B26', 'qty': 1}
S04, Blotteritem, {'type': 'Trade', 'time': 576.5999999999062, 'price': 98, 'party1': 'B29', 'party2': 'S04', 'qty': 1}
S05, 19
S05, Blotteritem, {'type': 'Trade', 'time': 21.299999999999326, 'price': 95, 'party1': 'B23', 'party2': 'S05', 'qty': 1}
S05, Blotteritem, {'type': 'Trade', 'time': 41.92500000000097, 'price': 108, 'party1': 'B39', 'party2': 'S05', 'qty': 1}
S05, Blotteritem, {'type': 'Trade', 'time': 60.60000000000522, 'price': 85.0, 'party1': 'B14', 'party2': 'S05', 'qty': 1}
S05, Blotteritem, {'type': 'Trade', 'time': 95.7625000000132, 'price': 98, 'party1': 'B21', 'party2': 'S05', 'qty': 1}
S05, Blotteritem, {'type': 'Trade', 'time': 147.275000000003, 'price': 98, 'party1': 'B36', 'party2': 'S05', 'qty': 1}
S05, Blotteritem, {'type': 'Trade', 'time': 159.9124999999915, 'price': 92.0, 'party1': 'B38', 'party2': 'S05', 'qty': 1}
S05, Blotteritem, {'type': 'Trade', 'time': 201.0374999999541, 'price': 100, 'party1': 'B38', 'party2': 'S05', 'qty': 1}
S05, Blotteritem, {'type': 'Trade', 'time': 217.68749999993895, 'price': 97, 'party1': 'B35', 'party2': 'S05', 'qty': 1}
S05, Blotteritem, {'type': 'Trade', 'time': 260.0874999999004, 'price': 97, 'party1': 'B36', 'party2': 'S05', 'qty': 1}
S05, Blotteritem, {'type': 'Trade', 'time': 271.64999999988987, 'price': 95, 'party1': 'B35', 'party2': 'S05', 'qty': 1}
S05, Blotteritem, {'type': 'Trade', 'time': 319.17499999984665, 'price': 93, 'party1': 'B32', 'party2': 'S05', 'qty': 1}
S05, Blotteritem, {'type': 'Trade', 'time': 348.84999999981966, 'price': 88, 'party1': 'B29', 'party2': 'S05', 'qty': 1}
S05, Blotteritem, {'type': 'Trade', 'time': 375.5374999997954, 'price': 101, 'party1': 'B35', 'party2': 'S05', 'qty': 1}
S05, Blotteritem, {'type': 'Trade', 'time': 400.22499999977293, 'price': 91.0, 'party1': 'B16', 'party2': 'S05', 'qty': 1}
S05, Blotteritem, {'type': 'Trade', 'time': 442.0624999997349, 'price': 84, 'party1': 'B19', 'party2': 'S05', 'qty': 1}
S05, Blotteritem, {'type': 'Trade', 'time': 456.0874999997221, 'price': 93, 'party1': 'B35', 'party2': 'S05', 'qty': 1}
S05, Blotteritem, {'type': 'Trade', 'time': 502.0874999996803, 'price': 93, 'party1': 'B29', 'party2': 'S05', 'qty': 1}
S05, Blotteritem, {'type': 'Trade', 'time': 516.3124999996869, 'price': 91.0, 'party1': 'B16', 'party2': 'S05', 'qty': 1}
S05, Blotteritem, {'type': 'Trade', 'time': 560.0124999998459, 'price': 85.0, 'party1': 'B14', 'party2': 'S05', 'qty': 1}
S06, 20
S06, Blotteritem, {'type': 'Trade', 'time': 2.5625000000000027, 'price': 72, 'party1': 'B20', 'party2': 'S06', 'qty': 1}
S06, Blotteritem, {'type': 'Trade', 'time': 51.67500000000319, 'price': 91.0, 'party1': 'B16', 'party2': 'S06', 'qty': 1}
S06, Blotteritem, {'type': 'Trade', 'time': 68.21250000000694, 'price': 98, 'party1': 'B25', 'party2': 'S06', 'qty': 1}
S06, Blotteritem, {'type': 'Trade', 'time': 105.52500000001542, 'price': 91.0, 'party1': 'B16', 'party2': 'S06', 'qty': 1}
S06, Blotteritem, {'type': 'Trade', 'time': 139.42500000001013, 'price': 106, 'party1': 'B25', 'party2': 'S06', 'qty': 1}
S06, Blotteritem, {'type': 'Trade', 'time': 158.34999999999292, 'price': 108, 'party1': 'B39', 'party2': 'S06', 'qty': 1}
S06, Blotteritem, {'type': 'Trade', 'time': 182.51249999997094, 'price': 96, 'party1': 'B32', 'party2': 'S06', 'qty': 1}
S06, Blotteritem, {'type': 'Trade', 'time': 237.34999999992107, 'price': 99, 'party1': 'B34', 'party2': 'S06', 'qty': 1}
S06, Blotteritem, {'type': 'Trade', 'time': 241.08749999991767, 'price': 97, 'party1': 'B35', 'party2': 'S06', 'qty': 1}
S06, Blotteritem, {'type': 'Trade', 'time': 285.86249999987695, 'price': 95, 'party1': 'B35', 'party2': 'S06', 'qty': 1}
S06, Blotteritem, {'type': 'Trade', 'time': 322.16249999984393, 'price': 92, 'party1': 'B35', 'party2': 'S06', 'qty': 1}
S06, Blotteritem, {'type': 'Trade', 'time': 360.574999999809, 'price': 103, 'party1': 'B32', 'party2': 'S06', 'qty': 1}
S06, Blotteritem, {'type': 'Trade', 'time': 378.76249999979245, 'price': 103, 'party1': 'B21', 'party2': 'S06', 'qty': 1}
S06, Blotteritem, {'type': 'Trade', 'time': 401.0124999997722, 'price': 98, 'party1': 'B23', 'party2': 'S06', 'qty': 1}
S06, Blotteritem, {'type': 'Trade', 'time': 433.06249999974307, 'price': 95, 'party1': 'B25', 'party2': 'S06', 'qty': 1}
S06, Blotteritem, {'type': 'Trade', 'time': 482.3124999996983, 'price': 91.0, 'party1': 'B16', 'party2': 'S06', 'qty': 1}
S06, Blotteritem, {'type': 'Trade', 'time': 492.499999999689, 'price': 86, 'party1': 'B15', 'party2': 'S06', 'qty': 1}
S06, Blotteritem, {'type': 'Trade', 'time': 541.7499999997794, 'price': 105, 'party1': 'B32', 'party2': 'S06', 'qty': 1}
S06, Blotteritem, {'type': 'Trade', 'time': 566.9499999998711, 'price': 91.0, 'party1': 'B16', 'party2': 'S06', 'qty': 1}
S06, Blotteritem, {'type': 'Trade', 'time': 599.2374999999886, 'price': 83.0, 'party1': 'B13', 'party2': 'S06', 'qty': 1}
S07, 20
S07, Blotteritem, {'type': 'Trade', 'time': 11.112499999999903, 'price': 99, 'party1': 'B27', 'party2': 'S07', 'qty': 1}
S07, Blotteritem, {'type': 'Trade', 'time': 46.22500000000195, 'price': 109, 'party1': 'B27', 'party2': 'S07', 'qty': 1}
S07, Blotteritem, {'type': 'Trade', 'time': 89.86250000001186, 'price': 100, 'party1': 'B29', 'party2': 'S07', 'qty': 1}
S07, Blotteritem, {'type': 'Trade', 'time': 105.62500000001545, 'price': 93, 'party1': 'S07', 'party2': 'B19', 'qty': 1}
S07, Blotteritem, {'type': 'Trade', 'time': 139.55000000001002, 'price': 107, 'party1': 'S07', 'party2': 'B33', 'qty': 1}
S07, Blotteritem, {'type': 'Trade', 'time': 176.26249999997663, 'price': 97, 'party1': 'S07', 'party2': 'B31', 'qty': 1}
S07, Blotteritem, {'type': 'Trade', 'time': 210.12499999994583, 'price': 98, 'party1': 'S07', 'party2': 'B33', 'qty': 1}
S07, Blotteritem, {'type': 'Trade', 'time': 211.5874999999445, 'price': 98, 'party1': 'B34', 'party2': 'S07', 'qty': 1}
S07, Blotteritem, {'type': 'Trade', 'time': 265.6624999998953, 'price': 97, 'party1': 'S07', 'party2': 'B37', 'qty': 1}
S07, Blotteritem, {'type': 'Trade', 'time': 299.03749999986496, 'price': 94, 'party1': 'B29', 'party2': 'S07', 'qty': 1}
S07, Blotteritem, {'type': 'Trade', 'time': 325.19999999984117, 'price': 94, 'party1': 'S07', 'party2': 'B33', 'qty': 1}
S07, Blotteritem, {'type': 'Trade', 'time': 349.63749999981894, 'price': 91, 'party1': 'S07', 'party2': 'B23', 'qty': 1}
S07, Blotteritem, {'type': 'Trade', 'time': 390.6124999997817, 'price': 107, 'party1': 'B27', 'party2': 'S07', 'qty': 1}
S07, Blotteritem, {'type': 'Trade', 'time': 417.3999999997573, 'price': 93, 'party1': 'S07', 'party2': 'B21', 'qty': 1}
S07, Blotteritem, {'type': 'Trade', 'time': 437.7749999997388, 'price': 106, 'party1': 'B34', 'party2': 'S07', 'qty': 1}
S07, Blotteritem, {'type': 'Trade', 'time': 462.99999999971584, 'price': 95, 'party1': 'S07', 'party2': 'B28', 'qty': 1}
S07, Blotteritem, {'type': 'Trade', 'time': 503.78749999967874, 'price': 95, 'party1': 'B32', 'party2': 'S07', 'qty': 1}
S07, Blotteritem, {'type': 'Trade', 'time': 530.4249999997382, 'price': 110, 'party1': 'B27', 'party2': 'S07', 'qty': 1}
S07, Blotteritem, {'type': 'Trade', 'time': 546.012499999795, 'price': 107, 'party1': 'S07', 'party2': 'B35', 'qty': 1}
S07, Blotteritem, {'type': 'Trade', 'time': 597.9249999999838, 'price': 100, 'party1': 'S07', 'party2': 'B31', 'qty': 1}
S08, 20
S08, Blotteritem, {'type': 'Trade', 'time': 3.5875000000000172, 'price': 96, 'party1': 'B36', 'party2': 'S08', 'qty': 1}
S08, Blotteritem, {'type': 'Trade', 'time': 42.76250000000116, 'price': 108, 'party1': 'B24', 'party2': 'S08', 'qty': 1}
S08, Blotteritem, {'type': 'Trade', 'time': 83.13750000001033, 'price': 96, 'party1': 'B22', 'party2': 'S08', 'qty': 1}
S08, Blotteritem, {'type': 'Trade', 'time': 107.68750000001592, 'price': 91, 'party1': 'B18', 'party2': 'S08', 'qty': 1}
S08, Blotteritem, {'type': 'Trade', 'time': 144.6375000000054, 'price': 92, 'party1': 'B21', 'party2': 'S08', 'qty': 1}
S08, Blotteritem, {'type': 'Trade', 'time': 162.59999999998905, 'price': 91.0, 'party1': 'B16', 'party2': 'S08', 'qty': 1}
S08, Blotteritem, {'type': 'Trade', 'time': 189.9249999999642, 'price': 96, 'party1': 'B32', 'party2': 'S08', 'qty': 1}
S08, Blotteritem, {'type': 'Trade', 'time': 218.78749999993795, 'price': 96, 'party1': 'B25', 'party2': 'S08', 'qty': 1}
S08, Blotteritem, {'type': 'Trade', 'time': 253.53749999990634, 'price': 93, 'party1': 'B29', 'party2': 'S08', 'qty': 1}
S08, Blotteritem, {'type': 'Trade', 'time': 295.0124999998686, 'price': 92, 'party1': 'B27', 'party2': 'S08', 'qty': 1}
S08, Blotteritem, {'type': 'Trade', 'time': 328.86249999983784, 'price': 91, 'party1': 'B36', 'party2': 'S08', 'qty': 1}
S08, Blotteritem, {'type': 'Trade', 'time': 354.03749999981494, 'price': 91.0, 'party1': 'B16', 'party2': 'S08', 'qty': 1}
S08, Blotteritem, {'type': 'Trade', 'time': 374.2999999997965, 'price': 103, 'party1': 'B39', 'party2': 'S08', 'qty': 1}
S08, Blotteritem, {'type': 'Trade', 'time': 404.9874999997686, 'price': 103, 'party1': 'B36', 'party2': 'S08', 'qty': 1}
S08, Blotteritem, {'type': 'Trade', 'time': 439.81249999973693, 'price': 100, 'party1': 'B27', 'party2': 'S08', 'qty': 1}
S08, Blotteritem, {'type': 'Trade', 'time': 458.91249999971956, 'price': 85.0, 'party1': 'B14', 'party2': 'S08', 'qty': 1}
S08, Blotteritem, {'type': 'Trade', 'time': 498.024999999684, 'price': 91, 'party1': 'B34', 'party2': 'S08', 'qty': 1}
S08, Blotteritem, {'type': 'Trade', 'time': 522.6374999997099, 'price': 98, 'party1': 'B23', 'party2': 'S08', 'qty': 1}
S08, Blotteritem, {'type': 'Trade', 'time': 546.037499999795, 'price': 105, 'party1': 'B29', 'party2': 'S08', 'qty': 1}
S08, Blotteritem, {'type': 'Trade', 'time': 593.3374999999671, 'price': 100, 'party1': 'B20', 'party2': 'S08', 'qty': 1}
S09, 11
S09, Blotteritem, {'type': 'Trade', 'time': 26.587499999999025, 'price': 90, 'party1': 'B18', 'party2': 'S09', 'qty': 1}
S09, Blotteritem, {'type': 'Trade', 'time': 90.15000000001193, 'price': 99, 'party1': 'B36', 'party2': 'S09', 'qty': 1}
S09, Blotteritem, {'type': 'Trade', 'time': 126.42500000002018, 'price': 107, 'party1': 'B34', 'party2': 'S09', 'qty': 1}
S09, Blotteritem, {'type': 'Trade', 'time': 184.56249999996908, 'price': 96, 'party1': 'B27', 'party2': 'S09', 'qty': 1}
S09, Blotteritem, {'type': 'Trade', 'time': 227.49999999993003, 'price': 99, 'party1': 'B29', 'party2': 'S09', 'qty': 1}
S09, Blotteritem, {'type': 'Trade', 'time': 289.4374999998737, 'price': 92, 'party1': 'S09', 'party2': 'B20', 'qty': 1}
S09, Blotteritem, {'type': 'Trade', 'time': 346.299999999822, 'price': 88.0, 'party1': 'B38', 'party2': 'S09', 'qty': 1}
S09, Blotteritem, {'type': 'Trade', 'time': 438.46249999973816, 'price': 105, 'party1': 'B29', 'party2': 'S09', 'qty': 1}
S09, Blotteritem, {'type': 'Trade', 'time': 491.37499999969003, 'price': 86.0, 'party1': 'B24', 'party2': 'S09', 'qty': 1}
S09, Blotteritem, {'type': 'Trade', 'time': 527.1499999997263, 'price': 111, 'party1': 'B34', 'party2': 'S09', 'qty': 1}
S09, Blotteritem, {'type': 'Trade', 'time': 585.2624999999377, 'price': 105, 'party1': 'B32', 'party2': 'S09', 'qty': 1}
S10, 9
S10, Blotteritem, {'type': 'Trade', 'time': 126.76250000002025, 'price': 105, 'party1': 'B39', 'party2': 'S10', 'qty': 1}
S10, Blotteritem, {'type': 'Trade', 'time': 170.5624999999818, 'price': 96, 'party1': 'B29', 'party2': 'S10', 'qty': 1}
S10, Blotteritem, {'type': 'Trade', 'time': 271.66249999988986, 'price': 88, 'party1': 'B18', 'party2': 'S10', 'qty': 1}
S10, Blotteritem, {'type': 'Trade', 'time': 291.6374999998717, 'price': 86, 'party1': 'B15', 'party2': 'S10', 'qty': 1}
S10, Blotteritem, {'type': 'Trade', 'time': 328.83749999983786, 'price': 91.0, 'party1': 'B16', 'party2': 'S10', 'qty': 1}
S10, Blotteritem, {'type': 'Trade', 'time': 369.9124999998005, 'price': 102, 'party1': 'B27', 'party2': 'S10', 'qty': 1}
S10, Blotteritem, {'type': 'Trade', 'time': 441.6874999997352, 'price': 85.0, 'party1': 'B14', 'party2': 'S10', 'qty': 1}
S10, Blotteritem, {'type': 'Trade', 'time': 511.9749999996713, 'price': 93, 'party1': 'B35', 'party2': 'S10', 'qty': 1}
S10, Blotteritem, {'type': 'Trade', 'time': 548.237499999803, 'price': 89, 'party1': 'B21', 'party2': 'S10', 'qty': 1}
S11, 12
S11, Blotteritem, {'type': 'Trade', 'time': 31.549999999998743, 'price': 90.0, 'party1': 'B24', 'party2': 'S11', 'qty': 1}
S11, Blotteritem, {'type': 'Trade', 'time': 92.41250000001244, 'price': 99, 'party1': 'B39', 'party2': 'S11', 'qty': 1}
S11, Blotteritem, {'type': 'Trade', 'time': 170.88749999998151, 'price': 97, 'party1': 'B36', 'party2': 'S11', 'qty': 1}
S11, Blotteritem, {'type': 'Trade', 'time': 231.5999999999263, 'price': 97, 'party1': 'B39', 'party2': 'S11', 'qty': 1}
S11, Blotteritem, {'type': 'Trade', 'time': 324.7124999998416, 'price': 92, 'party1': 'B27', 'party2': 'S11', 'qty': 1}
S11, Blotteritem, {'type': 'Trade', 'time': 384.8624999997869, 'price': 107, 'party1': 'B24', 'party2': 'S11', 'qty': 1}
S11, Blotteritem, {'type': 'Trade', 'time': 445.8749999997314, 'price': 93, 'party1': 'S11', 'party2': 'B35', 'qty': 1}
S11, Blotteritem, {'type': 'Trade', 'time': 450.1999999997275, 'price': 97, 'party1': 'B38', 'party2': 'S11', 'qty': 1}
S11, Blotteritem, {'type': 'Trade', 'time': 469.5374999997099, 'price': 92, 'party1': 'B29', 'party2': 'S11', 'qty': 1}
S11, Blotteritem, {'type': 'Trade', 'time': 489.9624999996913, 'price': 93, 'party1': 'B27', 'party2': 'S11', 'qty': 1}
S11, Blotteritem, {'type': 'Trade', 'time': 537.6374999997645, 'price': 107, 'party1': 'B39', 'party2': 'S11', 'qty': 1}
S11, Blotteritem, {'type': 'Trade', 'time': 598.0624999999843, 'price': 96, 'party1': 'B36', 'party2': 'S11', 'qty': 1}
S12, 20
S12, Blotteritem, {'type': 'Trade', 'time': 30.72499999999879, 'price': 100.0, 'party1': 'S12', 'party2': 'B37', 'qty': 1}
S12, Blotteritem, {'type': 'Trade', 'time': 58.86250000000482, 'price': 91, 'party1': 'S12', 'party2': 'B17', 'qty': 1}
S12, Blotteritem, {'type': 'Trade', 'time': 95.40000000001312, 'price': 98, 'party1': 'B19', 'party2': 'S12', 'qty': 1}
S12, Blotteritem, {'type': 'Trade', 'time': 103.83750000001504, 'price': 93, 'party1': 'B29', 'party2': 'S12', 'qty': 1}
S12, Blotteritem, {'type': 'Trade', 'time': 129.30000000001934, 'price': 110, 'party1': 'S12', 'party2': 'B28', 'qty': 1}
S12, Blotteritem, {'type': 'Trade', 'time': 159.72499999999167, 'price': 104, 'party1': 'B24', 'party2': 'S12', 'qty': 1}
S12, Blotteritem, {'type': 'Trade', 'time': 202.41249999995284, 'price': 97, 'party1': 'B25', 'party2': 'S12', 'qty': 1}
S12, Blotteritem, {'type': 'Trade', 'time': 237.16249999992124, 'price': 100, 'party1': 'S12', 'party2': 'B38', 'qty': 1}
S12, Blotteritem, {'type': 'Trade', 'time': 261.8124999998988, 'price': 96, 'party1': 'B39', 'party2': 'S12', 'qty': 1}
S12, Blotteritem, {'type': 'Trade', 'time': 280.23749999988206, 'price': 102.0, 'party1': 'S12', 'party2': 'B24', 'qty': 1}
S12, Blotteritem, {'type': 'Trade', 'time': 327.32499999983924, 'price': 93, 'party1': 'S12', 'party2': 'B24', 'qty': 1}
S12, Blotteritem, {'type': 'Trade', 'time': 361.94999999980774, 'price': 104.0, 'party1': 'S12', 'party2': 'B37', 'qty': 1}
S12, Blotteritem, {'type': 'Trade', 'time': 390.1499999997821, 'price': 108, 'party1': 'B29', 'party2': 'S12', 'qty': 1}
S12, Blotteritem, {'type': 'Trade', 'time': 413.2374999997611, 'price': 94, 'party1': 'S12', 'party2': 'B20', 'qty': 1}
S12, Blotteritem, {'type': 'Trade', 'time': 443.8124999997333, 'price': 89, 'party1': 'S12', 'party2': 'B23', 'qty': 1}
S12, Blotteritem, {'type': 'Trade', 'time': 458.38749999972003, 'price': 95, 'party1': 'S12', 'party2': 'B23', 'qty': 1}
S12, Blotteritem, {'type': 'Trade', 'time': 492.3874999996891, 'price': 92, 'party1': 'S12', 'party2': 'B30', 'qty': 1}
S12, Blotteritem, {'type': 'Trade', 'time': 516.1374999996863, 'price': 92, 'party1': 'B25', 'party2': 'S12', 'qty': 1}
S12, Blotteritem, {'type': 'Trade', 'time': 559.0124999998422, 'price': 98, 'party1': 'S12', 'party2': 'B28', 'qty': 1}
S12, Blotteritem, {'type': 'Trade', 'time': 586.6499999999428, 'price': 106.0, 'party1': 'S12', 'party2': 'B34', 'qty': 1}
S13, 20
S13, Blotteritem, {'type': 'Trade', 'time': 18.099999999999508, 'price': 91.0, 'party1': 'B16', 'party2': 'S13', 'qty': 1}
S13, Blotteritem, {'type': 'Trade', 'time': 53.0625000000035, 'price': 92, 'party1': 'B19', 'party2': 'S13', 'qty': 1}
S13, Blotteritem, {'type': 'Trade', 'time': 76.77500000000889, 'price': 83.0, 'party1': 'B13', 'party2': 'S13', 'qty': 1}
S13, Blotteritem, {'type': 'Trade', 'time': 120.16250000001875, 'price': 106, 'party1': 'B32', 'party2': 'S13', 'qty': 1}
S13, Blotteritem, {'type': 'Trade', 'time': 123.27500000001946, 'price': 105, 'party1': 'B36', 'party2': 'S13', 'qty': 1}
S13, Blotteritem, {'type': 'Trade', 'time': 151.62499999999903, 'price': 94, 'party1': 'B19', 'party2': 'S13', 'qty': 1}
S13, Blotteritem, {'type': 'Trade', 'time': 182.83749999997065, 'price': 96, 'party1': 'B25', 'party2': 'S13', 'qty': 1}
S13, Blotteritem, {'type': 'Trade', 'time': 230.3999999999274, 'price': 98, 'party1': 'B32', 'party2': 'S13', 'qty': 1}
S13, Blotteritem, {'type': 'Trade', 'time': 269.59999999989174, 'price': 94, 'party1': 'B32', 'party2': 'S13', 'qty': 1}
S13, Blotteritem, {'type': 'Trade', 'time': 302.274999999862, 'price': 94, 'party1': 'B39', 'party2': 'S13', 'qty': 1}
S13, Blotteritem, {'type': 'Trade', 'time': 323.58749999984263, 'price': 93, 'party1': 'B25', 'party2': 'S13', 'qty': 1}
S13, Blotteritem, {'type': 'Trade', 'time': 346.4999999998218, 'price': 85.0, 'party1': 'B14', 'party2': 'S13', 'qty': 1}
S13, Blotteritem, {'type': 'Trade', 'time': 384.9874999997868, 'price': 106, 'party1': 'B36', 'party2': 'S13', 'qty': 1}
S13, Blotteritem, {'type': 'Trade', 'time': 408.1749999997657, 'price': 102, 'party1': 'B29', 'party2': 'S13', 'qty': 1}
S13, Blotteritem, {'type': 'Trade', 'time': 454.7749999997233, 'price': 93, 'party1': 'B32', 'party2': 'S13', 'qty': 1}
S13, Blotteritem, {'type': 'Trade', 'time': 476.8124999997033, 'price': 94, 'party1': 'B39', 'party2': 'S13', 'qty': 1}
S13, Blotteritem, {'type': 'Trade', 'time': 509.39999999967364, 'price': 95, 'party1': 'B36', 'party2': 'S13', 'qty': 1}
S13, Blotteritem, {'type': 'Trade', 'time': 531.9874999997439, 'price': 109, 'party1': 'B25', 'party2': 'S13', 'qty': 1}
S13, Blotteritem, {'type': 'Trade', 'time': 554.4749999998257, 'price': 97, 'party1': 'B36', 'party2': 'S13', 'qty': 1}
S13, Blotteritem, {'type': 'Trade', 'time': 599.0374999999879, 'price': 84, 'party1': 'B15', 'party2': 'S13', 'qty': 1}
S14, 20
S14, Blotteritem, {'type': 'Trade', 'time': 20.924999999999347, 'price': 97, 'party1': 'S14', 'party2': 'B34', 'qty': 1}
S14, Blotteritem, {'type': 'Trade', 'time': 49.21250000000263, 'price': 108, 'party1': 'B25', 'party2': 'S14', 'qty': 1}
S14, Blotteritem, {'type': 'Trade', 'time': 74.72500000000842, 'price': 92, 'party1': 'S14', 'party2': 'B32', 'qty': 1}
S14, Blotteritem, {'type': 'Trade', 'time': 95.05000000001304, 'price': 99, 'party1': 'B27', 'party2': 'S14', 'qty': 1}
S14, Blotteritem, {'type': 'Trade', 'time': 123.58750000001953, 'price': 104, 'party1': 'B29', 'party2': 'S14', 'qty': 1}
S14, Blotteritem, {'type': 'Trade', 'time': 172.93749999997965, 'price': 96, 'party1': 'S14', 'party2': 'B21', 'qty': 1}
S14, Blotteritem, {'type': 'Trade', 'time': 197.34999999995745, 'price': 105.0, 'party1': 'S14', 'party2': 'B30', 'qty': 1}
S14, Blotteritem, {'type': 'Trade', 'time': 240.88749999991785, 'price': 99, 'party1': 'B27', 'party2': 'S14', 'qty': 1}
S14, Blotteritem, {'type': 'Trade', 'time': 245.82499999991336, 'price': 93, 'party1': 'S14', 'party2': 'B25', 'qty': 1}
S14, Blotteritem, {'type': 'Trade', 'time': 297.2249999998666, 'price': 92, 'party1': 'S14', 'party2': 'B28', 'qty': 1}
S14, Blotteritem, {'type': 'Trade', 'time': 320.4124999998455, 'price': 94, 'party1': 'S14', 'party2': 'B23', 'qty': 1}
S14, Blotteritem, {'type': 'Trade', 'time': 348.5624999998199, 'price': 90, 'party1': 'B25', 'party2': 'S14', 'qty': 1}
S14, Blotteritem, {'type': 'Trade', 'time': 381.2499999997902, 'price': 108, 'party1': 'S14', 'party2': 'B34', 'qty': 1}
S14, Blotteritem, {'type': 'Trade', 'time': 412.49999999976177, 'price': 94, 'party1': 'S14', 'party2': 'B25', 'qty': 1}
S14, Blotteritem, {'type': 'Trade', 'time': 440.7249999997361, 'price': 106, 'party1': 'S14', 'party2': 'B26', 'qty': 1}
S14, Blotteritem, {'type': 'Trade', 'time': 464.72499999971427, 'price': 96, 'party1': 'S14', 'party2': 'B21', 'qty': 1}
S14, Blotteritem, {'type': 'Trade', 'time': 494.96249999968677, 'price': 87, 'party1': 'S14', 'party2': 'B33', 'qty': 1}
S14, Blotteritem, {'type': 'Trade', 'time': 527.9124999997291, 'price': 117.0, 'party1': 'S14', 'party2': 'B30', 'qty': 1}
S14, Blotteritem, {'type': 'Trade', 'time': 570.3124999998834, 'price': 95, 'party1': 'B24', 'party2': 'S14', 'qty': 1}
S14, Blotteritem, {'type': 'Trade', 'time': 587.4124999999456, 'price': 106.0, 'party1': 'S14', 'party2': 'B26', 'qty': 1}
S15, 20
S15, Blotteritem, {'type': 'Trade', 'time': 19.78749999999941, 'price': 96, 'party1': 'S15', 'party2': 'B31', 'qty': 1}
S15, Blotteritem, {'type': 'Trade', 'time': 54.77500000000389, 'price': 99, 'party1': 'S15', 'party2': 'B31', 'qty': 1}
S15, Blotteritem, {'type': 'Trade', 'time': 75.85000000000868, 'price': 89, 'party1': 'B34', 'party2': 'S15', 'qty': 1}
S15, Blotteritem, {'type': 'Trade', 'time': 119.67500000001864, 'price': 106, 'party1': 'B38', 'party2': 'S15', 'qty': 1}
S15, Blotteritem, {'type': 'Trade', 'time': 121.78750000001912, 'price': 107.0, 'party1': 'S15', 'party2': 'B24', 'qty': 1}
S15, Blotteritem, {'type': 'Trade', 'time': 170.77499999998162, 'price': 98, 'party1': 'S15', 'party2': 'B23', 'qty': 1}
S15, Blotteritem, {'type': 'Trade', 'time': 201.54999999995363, 'price': 99, 'party1': 'B29', 'party2': 'S15', 'qty': 1}
S15, Blotteritem, {'type': 'Trade', 'time': 231.89999999992602, 'price': 99, 'party1': 'S15', 'party2': 'B26', 'qty': 1}
S15, Blotteritem, {'type': 'Trade', 'time': 246.1124999999131, 'price': 91.0, 'party1': 'B16', 'party2': 'S15', 'qty': 1}
S15, Blotteritem, {'type': 'Trade', 'time': 296.4749999998673, 'price': 92, 'party1': 'B34', 'party2': 'S15', 'qty': 1}
S15, Blotteritem, {'type': 'Trade', 'time': 327.53749999983904, 'price': 92, 'party1': 'S15', 'party2': 'B22', 'qty': 1}
S15, Blotteritem, {'type': 'Trade', 'time': 340.39999999982734, 'price': 89.0, 'party1': 'S15', 'party2': 'B20', 'qty': 1}
S15, Blotteritem, {'type': 'Trade', 'time': 369.5874999998008, 'price': 112, 'party1': 'S15', 'party2': 'B31', 'qty': 1}
S15, Blotteritem, {'type': 'Trade', 'time': 415.59999999975895, 'price': 93, 'party1': 'S15', 'party2': 'B30', 'qty': 1}
S15, Blotteritem, {'type': 'Trade', 'time': 451.3749999997264, 'price': 96, 'party1': 'B24', 'party2': 'S15', 'qty': 1}
S15, Blotteritem, {'type': 'Trade', 'time': 478.3499999997019, 'price': 97, 'party1': 'S15', 'party2': 'B30', 'qty': 1}
S15, Blotteritem, {'type': 'Trade', 'time': 500.8374999996814, 'price': 100, 'party1': 'S15', 'party2': 'B26', 'qty': 1}
S15, Blotteritem, {'type': 'Trade', 'time': 529.262499999734, 'price': 117.0, 'party1': 'S15', 'party2': 'B31', 'qty': 1}
S15, Blotteritem, {'type': 'Trade', 'time': 565.7999999998669, 'price': 95, 'party1': 'B19', 'party2': 'S15', 'qty': 1}
S15, Blotteritem, {'type': 'Trade', 'time': 592.4124999999638, 'price': 106.0, 'party1': 'S15', 'party2': 'B30', 'qty': 1}
S16, 19
S16, Blotteritem, {'type': 'Trade', 'time': 17.237499999999557, 'price': 99, 'party1': 'S16', 'party2': 'B33', 'qty': 1}
S16, Blotteritem, {'type': 'Trade', 'time': 60.5250000000052, 'price': 97, 'party1': 'B23', 'party2': 'S16', 'qty': 1}
S16, Blotteritem, {'type': 'Trade', 'time': 77.23750000000899, 'price': 91, 'party1': 'S16', 'party2': 'B28', 'qty': 1}
S16, Blotteritem, {'type': 'Trade', 'time': 111.1250000000167, 'price': 93, 'party1': 'S16', 'party2': 'B20', 'qty': 1}
S16, Blotteritem, {'type': 'Trade', 'time': 134.46250000001464, 'price': 110, 'party1': 'B38', 'party2': 'S16', 'qty': 1}
S16, Blotteritem, {'type': 'Trade', 'time': 174.46249999997826, 'price': 96, 'party1': 'S16', 'party2': 'B30', 'qty': 1}
S16, Blotteritem, {'type': 'Trade', 'time': 187.54999999996636, 'price': 98, 'party1': 'S16', 'party2': 'B24', 'qty': 1}
S16, Blotteritem, {'type': 'Trade', 'time': 248.2124999999112, 'price': 92, 'party1': 'S16', 'party2': 'B34', 'qty': 1}
S16, Blotteritem, {'type': 'Trade', 'time': 251.58749999990812, 'price': 91, 'party1': 'S16', 'party2': 'B22', 'qty': 1}
S16, Blotteritem, {'type': 'Trade', 'time': 297.4624999998664, 'price': 91, 'party1': 'B25', 'party2': 'S16', 'qty': 1}
S16, Blotteritem, {'type': 'Trade', 'time': 328.4499999998382, 'price': 92.0, 'party1': 'B38', 'party2': 'S16', 'qty': 1}
S16, Blotteritem, {'type': 'Trade', 'time': 338.3874999998292, 'price': 91, 'party1': 'S16', 'party2': 'B19', 'qty': 1}
S16, Blotteritem, {'type': 'Trade', 'time': 388.22499999978385, 'price': 110, 'party1': 'S16', 'party2': 'B30', 'qty': 1}
S16, Blotteritem, {'type': 'Trade', 'time': 413.362499999761, 'price': 95, 'party1': 'S16', 'party2': 'B32', 'qty': 1}
S16, Blotteritem, {'type': 'Trade', 'time': 434.5749999997417, 'price': 100, 'party1': 'S16', 'party2': 'B31', 'qty': 1}
S16, Blotteritem, {'type': 'Trade', 'time': 473.6124999997062, 'price': 99, 'party1': 'B24', 'party2': 'S16', 'qty': 1}
S16, Blotteritem, {'type': 'Trade', 'time': 519.2374999996975, 'price': 92, 'party1': 'S16', 'party2': 'B22', 'qty': 1}
S16, Blotteritem, {'type': 'Trade', 'time': 555.3499999998289, 'price': 100, 'party1': 'S16', 'party2': 'B37', 'qty': 1}
S16, Blotteritem, {'type': 'Trade', 'time': 593.1624999999665, 'price': 105, 'party1': 'S16', 'party2': 'B33', 'qty': 1}
S17, 19
S17, Blotteritem, {'type': 'Trade', 'time': 12.537499999999822, 'price': 116, 'party1': 'S17', 'party2': 'B28', 'qty': 1}
S17, Blotteritem, {'type': 'Trade', 'time': 45.21250000000172, 'price': 117, 'party1': 'S17', 'party2': 'B30', 'qty': 1}
S17, Blotteritem, {'type': 'Trade', 'time': 78.98750000000939, 'price': 93.0, 'party1': 'S17', 'party2': 'B23', 'qty': 1}
S17, Blotteritem, {'type': 'Trade', 'time': 102.05000000001463, 'price': 93, 'party1': 'S17', 'party2': 'B25', 'qty': 1}
S17, Blotteritem, {'type': 'Trade', 'time': 150.7874999999998, 'price': 102, 'party1': 'B27', 'party2': 'S17', 'qty': 1}
S17, Blotteritem, {'type': 'Trade', 'time': 182.57499999997088, 'price': 97, 'party1': 'S17', 'party2': 'B31', 'qty': 1}
S17, Blotteritem, {'type': 'Trade', 'time': 212.93749999994327, 'price': 100.0, 'party1': 'S17', 'party2': 'B37', 'qty': 1}
S17, Blotteritem, {'type': 'Trade', 'time': 214.6624999999417, 'price': 100.0, 'party1': 'S17', 'party2': 'B24', 'qty': 1}
S17, Blotteritem, {'type': 'Trade', 'time': 254.17499999990576, 'price': 99, 'party1': 'S17', 'party2': 'B31', 'qty': 1}
S17, Blotteritem, {'type': 'Trade', 'time': 294.1499999998694, 'price': 101.0, 'party1': 'S17', 'party2': 'B33', 'qty': 1}
S17, Blotteritem, {'type': 'Trade', 'time': 318.2249999998475, 'price': 94, 'party1': 'B29', 'party2': 'S17', 'qty': 1}
S17, Blotteritem, {'type': 'Trade', 'time': 341.9749999998259, 'price': 93.0, 'party1': 'S17', 'party2': 'B31', 'qty': 1}
S17, Blotteritem, {'type': 'Trade', 'time': 394.0749999997785, 'price': 100, 'party1': 'B24', 'party2': 'S17', 'qty': 1}
S17, Blotteritem, {'type': 'Trade', 'time': 453.98749999972404, 'price': 94, 'party1': 'B36', 'party2': 'S17', 'qty': 1}
S17, Blotteritem, {'type': 'Trade', 'time': 476.012499999704, 'price': 96, 'party1': 'B27', 'party2': 'S17', 'qty': 1}
S17, Blotteritem, {'type': 'Trade', 'time': 512.7374999996739, 'price': 94, 'party1': 'S17', 'party2': 'B26', 'qty': 1}
S17, Blotteritem, {'type': 'Trade', 'time': 530.1499999997372, 'price': 110, 'party1': 'B29', 'party2': 'S17', 'qty': 1}
S17, Blotteritem, {'type': 'Trade', 'time': 570.8999999998855, 'price': 94, 'party1': 'B38', 'party2': 'S17', 'qty': 1}
S17, Blotteritem, {'type': 'Trade', 'time': 597.0749999999807, 'price': 100, 'party1': 'B35', 'party2': 'S17', 'qty': 1}
S18, 20
S18, Blotteritem, {'type': 'Trade', 'time': 29.187499999998877, 'price': 96.0, 'party1': 'S18', 'party2': 'B39', 'qty': 1}
S18, Blotteritem, {'type': 'Trade', 'time': 49.22500000000263, 'price': 108, 'party1': 'B35', 'party2': 'S18', 'qty': 1}
S18, Blotteritem, {'type': 'Trade', 'time': 80.01250000000962, 'price': 96.0, 'party1': 'S18', 'party2': 'B38', 'qty': 1}
S18, Blotteritem, {'type': 'Trade', 'time': 112.22500000001695, 'price': 96.0, 'party1': 'S18', 'party2': 'B22', 'qty': 1}
S18, Blotteritem, {'type': 'Trade', 'time': 134.48750000001462, 'price': 107, 'party1': 'B35', 'party2': 'S18', 'qty': 1}
S18, Blotteritem, {'type': 'Trade', 'time': 166.44999999998555, 'price': 96.0, 'party1': 'S18', 'party2': 'B26', 'qty': 1}
S18, Blotteritem, {'type': 'Trade', 'time': 195.8624999999588, 'price': 96, 'party1': 'B35', 'party2': 'S18', 'qty': 1}
S18, Blotteritem, {'type': 'Trade', 'time': 235.27499999992295, 'price': 99, 'party1': 'B36', 'party2': 'S18', 'qty': 1}
S18, Blotteritem, {'type': 'Trade', 'time': 258.68749999990166, 'price': 96, 'party1': 'B24', 'party2': 'S18', 'qty': 1}
S18, Blotteritem, {'type': 'Trade', 'time': 282.3874999998801, 'price': 100, 'party1': 'B36', 'party2': 'S18', 'qty': 1}
S18, Blotteritem, {'type': 'Trade', 'time': 331.27499999983564, 'price': 96.0, 'party1': 'S18', 'party2': 'B37', 'qty': 1}
S18, Blotteritem, {'type': 'Trade', 'time': 344.46249999982365, 'price': 96.0, 'party1': 'S18', 'party2': 'B33', 'qty': 1}
S18, Blotteritem, {'type': 'Trade', 'time': 361.52499999980813, 'price': 102, 'party1': 'B36', 'party2': 'S18', 'qty': 1}
S18, Blotteritem, {'type': 'Trade', 'time': 397.8249999997751, 'price': 117.0, 'party1': 'B34', 'party2': 'S18', 'qty': 1}
S18, Blotteritem, {'type': 'Trade', 'time': 446.9624999997304, 'price': 96.0, 'party1': 'S18', 'party2': 'B20', 'qty': 1}
S18, Blotteritem, {'type': 'Trade', 'time': 456.237499999722, 'price': 96.0, 'party1': 'S18', 'party2': 'B33', 'qty': 1}
S18, Blotteritem, {'type': 'Trade', 'time': 505.33749999967733, 'price': 96.0, 'party1': 'S18', 'party2': 'B38', 'qty': 1}
S18, Blotteritem, {'type': 'Trade', 'time': 529.4749999997348, 'price': 111.0, 'party1': 'B24', 'party2': 'S18', 'qty': 1}
S18, Blotteritem, {'type': 'Trade', 'time': 547.6124999998008, 'price': 103, 'party1': 'B32', 'party2': 'S18', 'qty': 1}
S18, Blotteritem, {'type': 'Trade', 'time': 586.9999999999441, 'price': 102, 'party1': 'B39', 'party2': 'S18', 'qty': 1}
S19, 16
S19, Blotteritem, {'type': 'Trade', 'time': 17.824999999999523, 'price': 99, 'party1': 'S19', 'party2': 'B26', 'qty': 1}
S19, Blotteritem, {'type': 'Trade', 'time': 50.51250000000292, 'price': 103, 'party1': 'S19', 'party2': 'B33', 'qty': 1}
S19, Blotteritem, {'type': 'Trade', 'time': 85.33750000001083, 'price': 98, 'party1': 'S19', 'party2': 'B30', 'qty': 1}
S19, Blotteritem, {'type': 'Trade', 'time': 96.55000000001338, 'price': 99, 'party1': 'S19', 'party2': 'B31', 'qty': 1}
S19, Blotteritem, {'type': 'Trade', 'time': 144.82500000000522, 'price': 104, 'party1': 'S19', 'party2': 'B23', 'qty': 1}
S19, Blotteritem, {'type': 'Trade', 'time': 152.71249999999804, 'price': 103, 'party1': 'S19', 'party2': 'B37', 'qty': 1}
S19, Blotteritem, {'type': 'Trade', 'time': 208.97499999994687, 'price': 98, 'party1': 'B36', 'party2': 'S19', 'qty': 1}
S19, Blotteritem, {'type': 'Trade', 'time': 252.5999999999072, 'price': 98, 'party1': 'S19', 'party2': 'B23', 'qty': 1}
S19, Blotteritem, {'type': 'Trade', 'time': 276.7749999998852, 'price': 100, 'party1': 'S19', 'party2': 'B38', 'qty': 1}
S19, Blotteritem, {'type': 'Trade', 'time': 315.11249999985034, 'price': 98, 'party1': 'S19', 'party2': 'B26', 'qty': 1}
S19, Blotteritem, {'type': 'Trade', 'time': 361.27499999980836, 'price': 103, 'party1': 'B24', 'party2': 'S19', 'qty': 1}
S19, Blotteritem, {'type': 'Trade', 'time': 391.349999999781, 'price': 107, 'party1': 'B32', 'party2': 'S19', 'qty': 1}
S19, Blotteritem, {'type': 'Trade', 'time': 417.79999999975695, 'price': 98, 'party1': 'S19', 'party2': 'B33', 'qty': 1}
S19, Blotteritem, {'type': 'Trade', 'time': 471.4874999997081, 'price': 98, 'party1': 'S19', 'party2': 'B37', 'qty': 1}
S19, Blotteritem, {'type': 'Trade', 'time': 499.3499999996828, 'price': 98, 'party1': 'S19', 'party2': 'B28', 'qty': 1}
S19, Blotteritem, {'type': 'Trade', 'time': 565.9499999998675, 'price': 98, 'party1': 'S19', 'party2': 'B23', 'qty': 1}
S20, 16
S20, Blotteritem, {'type': 'Trade', 'time': 23.049999999999226, 'price': 101, 'party1': 'S20', 'party2': 'B37', 'qty': 1}
S20, Blotteritem, {'type': 'Trade', 'time': 85.71250000001092, 'price': 101, 'party1': 'S20', 'party2': 'B33', 'qty': 1}
S20, Blotteritem, {'type': 'Trade', 'time': 92.08750000001237, 'price': 103, 'party1': 'S20', 'party2': 'B24', 'qty': 1}
S20, Blotteritem, {'type': 'Trade', 'time': 115.78750000001776, 'price': 101, 'party1': 'S20', 'party2': 'B33', 'qty': 1}
S20, Blotteritem, {'type': 'Trade', 'time': 134.25000000001484, 'price': 110, 'party1': 'S20', 'party2': 'B24', 'qty': 1}
S20, Blotteritem, {'type': 'Trade', 'time': 193.79999999996068, 'price': 101, 'party1': 'S20', 'party2': 'B23', 'qty': 1}
S20, Blotteritem, {'type': 'Trade', 'time': 258.57499999990176, 'price': 101, 'party1': 'S20', 'party2': 'B26', 'qty': 1}
S20, Blotteritem, {'type': 'Trade', 'time': 266.83749999989425, 'price': 101, 'party1': 'S20', 'party2': 'B33', 'qty': 1}
S20, Blotteritem, {'type': 'Trade', 'time': 305.99999999985863, 'price': 102, 'party1': 'S20', 'party2': 'B28', 'qty': 1}
S20, Blotteritem, {'type': 'Trade', 'time': 351.51249999981724, 'price': 101, 'party1': 'S20', 'party2': 'B30', 'qty': 1}
S20, Blotteritem, {'type': 'Trade', 'time': 396.0874999997767, 'price': 102, 'party1': 'S20', 'party2': 'B28', 'qty': 1}
S20, Blotteritem, {'type': 'Trade', 'time': 429.7499999997461, 'price': 101, 'party1': 'S20', 'party2': 'B33', 'qty': 1}
S20, Blotteritem, {'type': 'Trade', 'time': 481.3249999996992, 'price': 101, 'party1': 'S20', 'party2': 'B26', 'qty': 1}
S20, Blotteritem, {'type': 'Trade', 'time': 508.3124999996746, 'price': 101, 'party1': 'S20', 'party2': 'B23', 'qty': 1}
S20, Blotteritem, {'type': 'Trade', 'time': 548.6624999998046, 'price': 106, 'party1': 'S20', 'party2': 'B33', 'qty': 1}
S20, Blotteritem, {'type': 'Trade', 'time': 574.5749999998989, 'price': 101, 'party1': 'S20', 'party2': 'B37', 'qty': 1}
S21, 15
S21, Blotteritem, {'type': 'Trade', 'time': 31.349999999998754, 'price': 103.0, 'party1': 'S21', 'party2': 'B32', 'qty': 1}
S21, Blotteritem, {'type': 'Trade', 'time': 87.01250000001122, 'price': 103.0, 'party1': 'S21', 'party2': 'B31', 'qty': 1}
S21, Blotteritem, {'type': 'Trade', 'time': 116.837500000018, 'price': 103.0, 'party1': 'S21', 'party2': 'B28', 'qty': 1}
S21, Blotteritem, {'type': 'Trade', 'time': 143.60000000000633, 'price': 103.0, 'party1': 'S21', 'party2': 'B31', 'qty': 1}
S21, Blotteritem, {'type': 'Trade', 'time': 183.4499999999701, 'price': 103.0, 'party1': 'S21', 'party2': 'B26', 'qty': 1}
S21, Blotteritem, {'type': 'Trade', 'time': 215.12499999994128, 'price': 103.0, 'party1': 'S21', 'party2': 'B22', 'qty': 1}
S21, Blotteritem, {'type': 'Trade', 'time': 223.6749999999335, 'price': 103.0, 'party1': 'S21', 'party2': 'B28', 'qty': 1}
S21, Blotteritem, {'type': 'Trade', 'time': 359.0124999998104, 'price': 103.0, 'party1': 'S21', 'party2': 'B28', 'qty': 1}
S21, Blotteritem, {'type': 'Trade', 'time': 381.7874999997897, 'price': 103, 'party1': 'B25', 'party2': 'S21', 'qty': 1}
S21, Blotteritem, {'type': 'Trade', 'time': 429.78749999974605, 'price': 103.0, 'party1': 'S21', 'party2': 'B22', 'qty': 1}
S21, Blotteritem, {'type': 'Trade', 'time': 447.13749999973027, 'price': 103.0, 'party1': 'S21', 'party2': 'B30', 'qty': 1}
S21, Blotteritem, {'type': 'Trade', 'time': 482.3749999996982, 'price': 103.0, 'party1': 'S21', 'party2': 'B22', 'qty': 1}
S21, Blotteritem, {'type': 'Trade', 'time': 508.7749999996742, 'price': 103.0, 'party1': 'S21', 'party2': 'B37', 'qty': 1}
S21, Blotteritem, {'type': 'Trade', 'time': 529.3124999997342, 'price': 111, 'party1': 'B36', 'party2': 'S21', 'qty': 1}
S21, Blotteritem, {'type': 'Trade', 'time': 584.1249999999336, 'price': 103.0, 'party1': 'S21', 'party2': 'B28', 'qty': 1}
S22, 0
S23, 9
S23, Blotteritem, {'type': 'Trade', 'time': 9.862499999999974, 'price': 108, 'party1': 'B25', 'party2': 'S23', 'qty': 1}
S23, Blotteritem, {'type': 'Trade', 'time': 88.7250000000116, 'price': 108.0, 'party1': 'S23', 'party2': 'B37', 'qty': 1}
S23, Blotteritem, {'type': 'Trade', 'time': 124.3250000000197, 'price': 108.0, 'party1': 'S23', 'party2': 'B26', 'qty': 1}
S23, Blotteritem, {'type': 'Trade', 'time': 217.0749999999395, 'price': 108.0, 'party1': 'S23', 'party2': 'B30', 'qty': 1}
S23, Blotteritem, {'type': 'Trade', 'time': 362.1999999998075, 'price': 108.0, 'party1': 'S23', 'party2': 'B26', 'qty': 1}
S23, Blotteritem, {'type': 'Trade', 'time': 391.63749999978074, 'price': 108.0, 'party1': 'S23', 'party2': 'B23', 'qty': 1}
S23, Blotteritem, {'type': 'Trade', 'time': 406.9499999997668, 'price': 108.0, 'party1': 'S23', 'party2': 'B37', 'qty': 1}
S23, Blotteritem, {'type': 'Trade', 'time': 436.0249999997404, 'price': 108.0, 'party1': 'S23', 'party2': 'B28', 'qty': 1}
S23, Blotteritem, {'type': 'Trade', 'time': 525.3874999997199, 'price': 108.0, 'party1': 'S23', 'party2': 'B28', 'qty': 1}
S24, 0
S25, 0
S26, 3
S26, Blotteritem, {'type': 'Trade', 'time': 383.4624999997882, 'price': 116, 'party1': 'S26', 'party2': 'B33', 'qty': 1}
S26, Blotteritem, {'type': 'Trade', 'time': 438.624999999738, 'price': 116, 'party1': 'S26', 'party2': 'B37', 'qty': 1}
S26, Blotteritem, {'type': 'Trade', 'time': 526.0999999997225, 'price': 116, 'party1': 'S26', 'party2': 'B37', 'qty': 1}
S27, 1
S27, Blotteritem, {'type': 'Trade', 'time': 42.387500000001076, 'price': 119.0, 'party1': 'S27', 'party2': 'B28', 'qty': 1}
S28, 0
S29, 0
S30, 0
S31, 0
S32, 0
S33, 0
S34, 0
S35, 0
S36, 0
S37, 0
S38, 0
S39, 0
